trial,testing,parameters,initial_deadline,final_deadline,net_reward,actions,success
1,False,"{'a': 0.15, 'e': 0.891}",25,0,-169.7022444245354,"{0: 12, 1: 3, 2: 7, 3: 1, 4: 2}",0
2,False,"{'a': 0.15, 'e': 0.88209}",30,0,-210.40277478529342,"{0: 15, 1: 3, 2: 7, 3: 3, 4: 2}",0
3,False,"{'a': 0.15, 'e': 0.8732691}",20,0,-70.22984535550947,"{0: 15, 1: 1, 2: 2, 3: 1, 4: 1}",0
4,False,"{'a': 0.15, 'e': 0.8645364090000001}",25,0,-211.83261754258254,"{0: 16, 1: 2, 2: 2, 3: 0, 4: 5}",0
5,False,"{'a': 0.15, 'e': 0.85589104491}",30,0,-88.29154606956625,"{0: 20, 1: 2, 2: 7, 3: 1, 4: 0}",0
6,False,"{'a': 0.15, 'e': 0.8473321344609}",25,0,-242.2906207151064,"{0: 13, 1: 2, 2: 5, 3: 0, 4: 5}",0
7,False,"{'a': 0.15, 'e': 0.8388588131162911}",20,0,-33.281424043651974,"{0: 17, 1: 2, 2: 0, 3: 0, 4: 1}",0
8,False,"{'a': 0.15, 'e': 0.8304702249851281}",25,0,-152.53573162622348,"{0: 12, 1: 2, 2: 8, 3: 2, 4: 1}",0
9,False,"{'a': 0.15, 'e': 0.8221655227352769}",20,0,-179.5347798848961,"{0: 11, 1: 3, 2: 2, 3: 0, 4: 4}",0
10,False,"{'a': 0.15, 'e': 0.8139438675079241}",25,0,-193.3927549307064,"{0: 13, 1: 4, 2: 3, 3: 2, 4: 3}",0
11,False,"{'a': 0.15, 'e': 0.8058044288328449}",25,0,-65.31094082358072,"{0: 18, 1: 0, 2: 5, 3: 2, 4: 0}",0
12,False,"{'a': 0.15, 'e': 0.7977463845445164}",20,0,-115.27356248644539,"{0: 11, 1: 1, 2: 5, 3: 2, 4: 1}",0
13,False,"{'a': 0.15, 'e': 0.7897689206990712}",25,0,-110.45375947013285,"{0: 18, 1: 1, 2: 3, 3: 1, 4: 2}",0
14,False,"{'a': 0.15, 'e': 0.7818712314920805}",25,0,-24.72931689365278,"{0: 20, 1: 2, 2: 2, 3: 1, 4: 0}",0
15,False,"{'a': 0.15, 'e': 0.7740525191771597}",25,11,-71.93568535278091,"{0: 7, 1: 0, 2: 6, 3: 1, 4: 0}",1
16,False,"{'a': 0.15, 'e': 0.7663119939853881}",20,0,-101.21247128409772,"{0: 12, 1: 2, 2: 4, 3: 1, 4: 1}",0
17,False,"{'a': 0.15, 'e': 0.7586488740455342}",25,16,-38.35522905639577,"{0: 7, 1: 0, 2: 1, 3: 0, 4: 1}",1
18,False,"{'a': 0.15, 'e': 0.7510623853050789}",30,7,-112.1210430807907,"{0: 16, 1: 1, 2: 3, 3: 1, 4: 2}",1
19,False,"{'a': 0.15, 'e': 0.7435517614520281}",20,0,-60.465176185121656,"{0: 14, 1: 2, 2: 3, 3: 0, 4: 1}",0
20,False,"{'a': 0.15, 'e': 0.7361162438375077}",20,0,-64.92108679096089,"{0: 14, 1: 1, 2: 4, 3: 0, 4: 1}",0
21,False,"{'a': 0.15, 'e': 0.7287550813991327}",20,0,-96.0999800829382,"{0: 15, 1: 0, 2: 2, 3: 1, 4: 2}",0
22,False,"{'a': 0.15, 'e': 0.7214675305851413}",20,0,-78.52291671818581,"{0: 15, 1: 2, 2: 1, 3: 0, 4: 2}",0
23,False,"{'a': 0.15, 'e': 0.7142528552792899}",30,0,-191.04044614490945,"{0: 19, 1: 3, 2: 4, 3: 0, 4: 4}",0
24,False,"{'a': 0.15, 'e': 0.707110326726497}",20,0,-31.376853293984336,"{0: 13, 1: 3, 2: 4, 3: 0, 4: 0}",0
25,False,"{'a': 0.15, 'e': 0.700039223459232}",20,0,-39.53578867042646,"{0: 15, 1: 0, 2: 4, 3: 1, 4: 0}",0
26,False,"{'a': 0.15, 'e': 0.6930388312246396}",20,0,-31.504403107531065,"{0: 13, 1: 4, 2: 3, 3: 0, 4: 0}",0
27,False,"{'a': 0.15, 'e': 0.6861084429123933}",20,4,-20.65608626429128,"{0: 13, 1: 0, 2: 2, 3: 1, 4: 0}",1
28,False,"{'a': 0.15, 'e': 0.6792473584832693}",20,0,-95.6129396777263,"{0: 12, 1: 3, 2: 3, 3: 1, 4: 1}",0
29,False,"{'a': 0.15, 'e': 0.6724548848984366}",25,0,-54.6141426762094,"{0: 16, 1: 3, 2: 6, 3: 0, 4: 0}",0
30,False,"{'a': 0.15, 'e': 0.6657303360494523}",25,2,-120.04933753356414,"{0: 16, 1: 1, 2: 2, 3: 2, 4: 2}",1
31,False,"{'a': 0.15, 'e': 0.6590730326889578}",20,0,-60.75896493771246,"{0: 15, 1: 2, 2: 1, 3: 1, 4: 1}",0
32,False,"{'a': 0.15, 'e': 0.6524823023620682}",30,0,-105.28880243600399,"{0: 23, 1: 0, 2: 4, 3: 1, 4: 2}",0
33,False,"{'a': 0.15, 'e': 0.6459574793384475}",30,0,-111.65065806938921,"{0: 21, 1: 4, 2: 2, 3: 1, 4: 2}",0
34,False,"{'a': 0.15, 'e': 0.6394979045450631}",25,0,-74.31643557664985,"{0: 16, 1: 5, 2: 3, 3: 0, 4: 1}",0
35,False,"{'a': 0.15, 'e': 0.6331029254996124}",20,0,-18.516358257666376,"{0: 16, 1: 0, 2: 4, 3: 0, 4: 0}",0
36,False,"{'a': 0.15, 'e': 0.6267718962446163}",20,9,-27.915425110474022,"{0: 7, 1: 1, 2: 3, 3: 0, 4: 0}",1
37,False,"{'a': 0.15, 'e': 0.6205041772821701}",25,0,-31.067716369075175,"{0: 20, 1: 1, 2: 3, 3: 1, 4: 0}",0
38,False,"{'a': 0.15, 'e': 0.6142991355093484}",20,0,-17.79669005280972,"{0: 16, 1: 0, 2: 4, 3: 0, 4: 0}",0
39,False,"{'a': 0.15, 'e': 0.608156144154255}",30,0,-19.21112161197834,"{0: 26, 1: 2, 2: 1, 3: 0, 4: 1}",0
40,False,"{'a': 0.15, 'e': 0.6020745827127124}",20,0,-126.84285670660576,"{0: 11, 1: 3, 2: 3, 3: 1, 4: 2}",0
41,False,"{'a': 0.15, 'e': 0.5960538368855853}",25,0,-134.68547404407252,"{0: 16, 1: 1, 2: 5, 3: 1, 4: 2}",0
42,False,"{'a': 0.15, 'e': 0.5900932985167294}",20,0,-94.32254695573954,"{0: 13, 1: 2, 2: 2, 3: 2, 4: 1}",0
43,False,"{'a': 0.15, 'e': 0.5841923655315622}",30,9,-82.03028657990181,"{0: 14, 1: 0, 2: 5, 3: 1, 4: 1}",1
44,False,"{'a': 0.15, 'e': 0.5783504418762465}",20,12,-36.862179039766794,"{0: 6, 1: 1, 2: 0, 3: 0, 4: 1}",1
45,False,"{'a': 0.15, 'e': 0.572566937457484}",30,19,-20.994860683453922,"{0: 6, 1: 3, 2: 2, 3: 0, 4: 0}",1
46,False,"{'a': 0.15, 'e': 0.5668412680829091}",25,4,-13.390887207073169,"{0: 19, 1: 0, 2: 1, 3: 0, 4: 1}",1
47,False,"{'a': 0.15, 'e': 0.5611728554020801}",25,0,-87.16604312680438,"{0: 17, 1: 1, 2: 5, 3: 1, 4: 1}",0
48,False,"{'a': 0.15, 'e': 0.5555611268480593}",30,0,-97.66468601902454,"{0: 21, 1: 1, 2: 6, 3: 1, 4: 1}",0
49,False,"{'a': 0.15, 'e': 0.5500055155795787}",25,0,-47.58496124154293,"{0: 17, 1: 3, 2: 4, 3: 1, 4: 0}",0
50,False,"{'a': 0.15, 'e': 0.5445054604237829}",20,0,-124.72523418732197,"{0: 14, 1: 1, 2: 2, 3: 0, 4: 3}",0
51,False,"{'a': 0.15, 'e': 0.5390604058195451}",25,0,-30.926422300058743,"{0: 20, 1: 2, 2: 1, 3: 2, 4: 0}",0
52,False,"{'a': 0.15, 'e': 0.5336698017613496}",25,9,8.120392738365384,"{0: 14, 1: 2, 2: 0, 3: 0, 4: 0}",1
53,False,"{'a': 0.15, 'e': 0.5283331037437361}",20,0,-35.574839301331906,"{0: 15, 1: 1, 2: 3, 3: 1, 4: 0}",0
54,False,"{'a': 0.15, 'e': 0.5230497727062987}",25,0,-31.58690236143757,"{0: 19, 1: 1, 2: 5, 3: 0, 4: 0}",0
55,False,"{'a': 0.15, 'e': 0.5178192749792357}",25,0,-50.89266129788796,"{0: 20, 1: 1, 2: 2, 3: 1, 4: 1}",0
56,False,"{'a': 0.15, 'e': 0.5126410822294434}",20,7,-41.98366926377186,"{0: 8, 1: 1, 2: 3, 3: 1, 4: 0}",1
57,False,"{'a': 0.15, 'e': 0.5075146714071489}",30,0,-34.15132191462177,"{0: 25, 1: 2, 2: 2, 3: 0, 4: 1}",0
58,False,"{'a': 0.15, 'e': 0.5024395246930774}",20,0,22.521379691161947,"{0: 19, 1: 0, 2: 1, 3: 0, 4: 0}",0
59,False,"{'a': 0.15, 'e': 0.49741512944614663}",20,6,-104.90109139485918,"{0: 8, 1: 0, 2: 4, 3: 0, 4: 2}",1
60,False,"{'a': 0.15, 'e': 0.49244097815168514}",25,15,9.9203080105648,"{0: 9, 1: 1, 2: 0, 3: 0, 4: 0}",1
61,False,"{'a': 0.15, 'e': 0.48751656837016827}",30,0,-34.80245114357956,"{0: 21, 1: 4, 2: 5, 3: 0, 4: 0}",0
62,False,"{'a': 0.15, 'e': 0.4826414026864666}",25,17,14.882804579852035,"{0: 8, 1: 0, 2: 0, 3: 0, 4: 0}",1
63,False,"{'a': 0.15, 'e': 0.4778149886596019}",20,0,-20.076619462684242,"{0: 15, 1: 1, 2: 4, 3: 0, 4: 0}",0
64,False,"{'a': 0.15, 'e': 0.4730368387730059}",25,0,-23.583351867881746,"{0: 21, 1: 2, 2: 1, 3: 0, 4: 1}",0
65,False,"{'a': 0.15, 'e': 0.46830647038527584}",20,0,-50.51666933582892,"{0: 16, 1: 1, 2: 1, 3: 1, 4: 1}",0
66,False,"{'a': 0.15, 'e': 0.4636234056814231}",20,15,-12.187309460254047,"{0: 4, 1: 0, 2: 0, 3: 1, 4: 0}",1
67,False,"{'a': 0.15, 'e': 0.45898717162460884}",25,0,-59.61002524429495,"{0: 20, 1: 0, 2: 3, 3: 1, 4: 1}",0
68,False,"{'a': 0.15, 'e': 0.45439729990836275}",20,10,2.2378145082170766,"{0: 8, 1: 2, 2: 0, 3: 0, 4: 0}",1
69,False,"{'a': 0.15, 'e': 0.4498533269092791}",25,0,-19.607120100061195,"{0: 21, 1: 0, 2: 3, 3: 1, 4: 0}",0
70,False,"{'a': 0.15, 'e': 0.4453547936401863}",30,15,12.74639788407795,"{0: 13, 1: 1, 2: 1, 3: 0, 4: 0}",1
71,False,"{'a': 0.15, 'e': 0.4409012457037845}",25,0,-49.052708372803515,"{0: 21, 1: 1, 2: 1, 3: 1, 4: 1}",0
72,False,"{'a': 0.15, 'e': 0.43649223324674663}",25,19,5.580177749572456,"{0: 5, 1: 1, 2: 0, 3: 0, 4: 0}",1
73,False,"{'a': 0.15, 'e': 0.43212731091427914}",20,0,-51.36815274072162,"{0: 15, 1: 1, 2: 3, 3: 0, 4: 1}",0
74,False,"{'a': 0.15, 'e': 0.4278060378051363}",35,27,0.7463807787832786,"{0: 7, 1: 0, 2: 1, 3: 0, 4: 0}",1
75,False,"{'a': 0.15, 'e': 0.423527977427085}",25,0,-67.81621998821629,"{0: 20, 1: 2, 2: 1, 3: 0, 4: 2}",0
76,False,"{'a': 0.15, 'e': 0.41929269765281413}",30,2,-51.983304473603795,"{0: 25, 1: 0, 2: 1, 3: 0, 4: 2}",1
77,False,"{'a': 0.15, 'e': 0.415099770676286}",25,10,8.4735856993247,"{0: 14, 1: 0, 2: 0, 3: 1, 4: 0}",1
78,False,"{'a': 0.15, 'e': 0.41094877296952315}",20,4,-7.690777601101342,"{0: 12, 1: 2, 2: 2, 3: 0, 4: 0}",1
79,False,"{'a': 0.15, 'e': 0.40683928523982793}",20,13,8.59959965112984,"{0: 6, 1: 1, 2: 0, 3: 0, 4: 0}",1
80,False,"{'a': 0.15, 'e': 0.40277089238742964}",20,8,-2.0723291147832836,"{0: 10, 1: 0, 2: 2, 3: 0, 4: 0}",1
81,False,"{'a': 0.15, 'e': 0.39874318346355536}",30,17,-52.561013950357406,"{0: 9, 1: 0, 2: 3, 3: 0, 4: 1}",1
82,False,"{'a': 0.15, 'e': 0.3947557516289198}",25,0,-49.606079258848446,"{0: 18, 1: 3, 2: 2, 3: 2, 4: 0}",0
83,False,"{'a': 0.15, 'e': 0.39080819411263057}",25,9,-64.18543092175601,"{0: 12, 1: 0, 2: 1, 3: 2, 4: 1}",1
84,False,"{'a': 0.15, 'e': 0.3869001121715043}",20,11,-3.8277599888634044,"{0: 8, 1: 0, 2: 0, 3: 1, 4: 0}",1
85,False,"{'a': 0.15, 'e': 0.3830311110497892}",20,9,9.11579719843118,"{0: 10, 1: 0, 2: 1, 3: 0, 4: 0}",1
86,False,"{'a': 0.15, 'e': 0.3792007999392913}",20,5,-14.524439754820117,"{0: 11, 1: 1, 2: 3, 3: 0, 4: 0}",1
87,False,"{'a': 0.15, 'e': 0.37540879193989835}",25,0,14.799216117370593,"{0: 22, 1: 2, 2: 1, 3: 0, 4: 0}",0
88,False,"{'a': 0.15, 'e': 0.3716547040204994}",25,8,-76.38883207598508,"{0: 12, 1: 0, 2: 2, 3: 2, 4: 1}",1
89,False,"{'a': 0.15, 'e': 0.36793815698029436}",25,0,-124.06716575807421,"{0: 15, 1: 2, 2: 6, 3: 0, 4: 2}",1
90,False,"{'a': 0.15, 'e': 0.3642587754104914}",20,3,-22.097643611939837,"{0: 15, 1: 1, 2: 0, 3: 0, 4: 1}",1
91,False,"{'a': 0.15, 'e': 0.3606161876563865}",30,2,-81.94877288065022,"{0: 25, 1: 0, 2: 0, 3: 0, 4: 3}",1
92,False,"{'a': 0.15, 'e': 0.3570100257798226}",25,0,-52.52721360532334,"{0: 21, 1: 0, 2: 2, 3: 1, 4: 1}",0
93,False,"{'a': 0.15, 'e': 0.35343992552202436}",35,13,-7.021432012283668,"{0: 18, 1: 1, 2: 3, 3: 0, 4: 0}",1
94,False,"{'a': 0.15, 'e': 0.3499055262668041}",25,15,3.1655557737956412,"{0: 9, 1: 0, 2: 1, 3: 0, 4: 0}",1
95,False,"{'a': 0.15, 'e': 0.3464064710041361}",25,1,-73.99985638582875,"{0: 19, 1: 0, 2: 2, 3: 2, 4: 1}",1
96,False,"{'a': 0.15, 'e': 0.3429424062940947}",25,19,12.257398196831744,"{0: 6, 1: 0, 2: 0, 3: 0, 4: 0}",1
97,False,"{'a': 0.15, 'e': 0.3395129822311538}",30,2,-32.98682256826473,"{0: 23, 1: 3, 2: 1, 3: 0, 4: 1}",1
98,False,"{'a': 0.15, 'e': 0.33611785240884223}",25,8,13.61974870683608,"{0: 16, 1: 0, 2: 1, 3: 0, 4: 0}",1
99,False,"{'a': 0.15, 'e': 0.33275667388475383}",30,6,-58.40849699896891,"{0: 18, 1: 1, 2: 4, 3: 0, 4: 1}",1
100,False,"{'a': 0.15, 'e': 0.3294291071459063}",20,10,15.007973893515356,"{0: 9, 1: 1, 2: 0, 3: 0, 4: 0}",1
101,False,"{'a': 0.15, 'e': 0.3261348160744472}",20,10,-36.69631488464933,"{0: 8, 1: 0, 2: 1, 3: 0, 4: 1}",1
102,False,"{'a': 0.15, 'e': 0.32287346791370275}",20,11,-4.501679293368103,"{0: 8, 1: 0, 2: 0, 3: 1, 4: 0}",1
103,False,"{'a': 0.15, 'e': 0.3196447332345657}",20,0,-6.982719729306211,"{0: 18, 1: 0, 2: 1, 3: 1, 4: 0}",0
104,False,"{'a': 0.15, 'e': 0.3164482859022201}",20,8,-9.165829588081357,"{0: 10, 1: 1, 2: 0, 3: 1, 4: 0}",1
105,False,"{'a': 0.15, 'e': 0.31328380304319786}",20,0,28.803165496995152,"{0: 20, 1: 0, 2: 0, 3: 0, 4: 0}",1
106,False,"{'a': 0.15, 'e': 0.3101509650127659}",20,6,-17.091943253617117,"{0: 13, 1: 0, 2: 0, 3: 0, 4: 1}",1
107,False,"{'a': 0.15, 'e': 0.3070494553626382}",20,1,2.115218261779301,"{0: 17, 1: 1, 2: 0, 3: 1, 4: 0}",1
108,False,"{'a': 0.15, 'e': 0.3039789608090118}",20,2,5.329322493213029,"{0: 16, 1: 0, 2: 2, 3: 0, 4: 0}",1
109,False,"{'a': 0.15, 'e': 0.30093917120092173}",25,15,-8.32068036823739,"{0: 8, 1: 0, 2: 2, 3: 0, 4: 0}",1
110,False,"{'a': 0.15, 'e': 0.2979297794889125}",20,12,14.890228491826312,"{0: 8, 1: 0, 2: 0, 3: 0, 4: 0}",1
111,False,"{'a': 0.15, 'e': 0.2949504816940234}",20,15,8.260289784163003,"{0: 5, 1: 0, 2: 0, 3: 0, 4: 0}",1
112,False,"{'a': 0.15, 'e': 0.29200097687708315}",20,5,18.432444575862238,"{0: 14, 1: 1, 2: 0, 3: 0, 4: 0}",1
113,False,"{'a': 0.15, 'e': 0.2890809671083123}",20,12,17.566162123917486,"{0: 8, 1: 0, 2: 0, 3: 0, 4: 0}",1
114,False,"{'a': 0.15, 'e': 0.2861901574372292}",20,14,10.639413757937128,"{0: 6, 1: 0, 2: 0, 3: 0, 4: 0}",1
115,False,"{'a': 0.15, 'e': 0.2833282558628569}",25,10,11.68656180477959,"{0: 14, 1: 0, 2: 1, 3: 0, 4: 0}",1
116,False,"{'a': 0.15, 'e': 0.28049497330422835}",25,11,0.2962552039043873,"{0: 12, 1: 0, 2: 2, 3: 0, 4: 0}",1
117,False,"{'a': 0.15, 'e': 0.27769002357118605}",25,16,5.142346379330475,"{0: 8, 1: 0, 2: 1, 3: 0, 4: 0}",1
118,False,"{'a': 0.15, 'e': 0.2749131233354742}",20,2,8.435078347590212,"{0: 16, 1: 1, 2: 0, 3: 1, 4: 0}",1
119,False,"{'a': 0.15, 'e': 0.27216399210211945}",25,15,13.077722905508482,"{0: 10, 1: 0, 2: 0, 3: 0, 4: 0}",1
120,False,"{'a': 0.15, 'e': 0.26944235218109824}",35,27,6.207517083262641,"{0: 7, 1: 1, 2: 0, 3: 0, 4: 0}",1
121,False,"{'a': 0.15, 'e': 0.26674792865928726}",30,13,13.478057625305913,"{0: 15, 1: 1, 2: 1, 3: 0, 4: 0}",1
122,False,"{'a': 0.15, 'e': 0.26408044937269437}",20,10,-23.189293490257153,"{0: 8, 1: 0, 2: 0, 3: 2, 4: 0}",1
123,False,"{'a': 0.15, 'e': 0.2614396448789674}",30,11,36.348754075906164,"{0: 19, 1: 0, 2: 0, 3: 0, 4: 0}",1
124,False,"{'a': 0.15, 'e': 0.25882524843017773}",30,0,4.472524043833754,"{0: 26, 1: 1, 2: 3, 3: 0, 4: 0}",0
125,False,"{'a': 0.15, 'e': 0.25623699594587596}",20,0,-36.20550128514479,"{0: 16, 1: 3, 2: 0, 3: 0, 4: 1}",0
126,False,"{'a': 0.15, 'e': 0.2536746259864172}",20,14,10.788757012239975,"{0: 6, 1: 0, 2: 0, 3: 0, 4: 0}",1
127,False,"{'a': 0.15, 'e': 0.25113787972655305}",25,9,16.629194058932303,"{0: 15, 1: 0, 2: 1, 3: 0, 4: 0}",1
128,False,"{'a': 0.15, 'e': 0.2486265009292875}",25,3,15.965548672905303,"{0: 20, 1: 0, 2: 2, 3: 0, 4: 0}",1
129,False,"{'a': 0.15, 'e': 0.24614023591999462}",20,10,-36.1506122085093,"{0: 8, 1: 0, 2: 1, 3: 0, 4: 1}",1
130,False,"{'a': 0.15, 'e': 0.24367883356079467}",25,8,-13.314674196451726,"{0: 16, 1: 0, 2: 0, 3: 0, 4: 1}",1
131,False,"{'a': 0.15, 'e': 0.24124204522518672}",25,0,-38.35594924054628,"{0: 22, 1: 0, 2: 1, 3: 1, 4: 1}",0
132,False,"{'a': 0.15, 'e': 0.23882962477293485}",25,0,23.25491626696757,"{0: 23, 1: 0, 2: 2, 3: 0, 4: 0}",0
133,False,"{'a': 0.15, 'e': 0.2364413285252055}",25,3,33.37405802533017,"{0: 22, 1: 0, 2: 0, 3: 0, 4: 0}",1
134,False,"{'a': 0.15, 'e': 0.23407691523995344}",20,15,-33.94204301221311,"{0: 4, 1: 0, 2: 0, 3: 0, 4: 1}",1
135,False,"{'a': 0.15, 'e': 0.2317361460875539}",30,14,6.486870405446363,"{0: 15, 1: 0, 2: 0, 3: 1, 4: 0}",1
136,False,"{'a': 0.15, 'e': 0.22941878462667836}",20,14,8.231002141311295,"{0: 6, 1: 0, 2: 0, 3: 0, 4: 0}",1
137,False,"{'a': 0.15, 'e': 0.22712459678041158}",20,11,-23.95524322327257,"{0: 8, 1: 0, 2: 0, 3: 0, 4: 1}",1
138,False,"{'a': 0.15, 'e': 0.22485335081260746}",25,1,-11.792796638334163,"{0: 22, 1: 1, 2: 0, 3: 0, 4: 1}",1
139,False,"{'a': 0.15, 'e': 0.2226048173044814}",25,18,14.253132704258977,"{0: 7, 1: 0, 2: 0, 3: 0, 4: 0}",1
140,False,"{'a': 0.15, 'e': 0.22037876913143659}",30,14,16.394103461904212,"{0: 15, 1: 0, 2: 1, 3: 0, 4: 0}",1
141,False,"{'a': 0.15, 'e': 0.2181749814401222}",35,20,29.294924253406414,"{0: 15, 1: 0, 2: 0, 3: 0, 4: 0}",1
142,False,"{'a': 0.15, 'e': 0.21599323162572098}",20,12,16.763282171867974,"{0: 8, 1: 0, 2: 0, 3: 0, 4: 0}",1
143,False,"{'a': 0.15, 'e': 0.21383329930946376}",25,0,32.878777878684716,"{0: 25, 1: 0, 2: 0, 3: 0, 4: 0}",0
144,False,"{'a': 0.15, 'e': 0.21169496631636914}",20,0,7.467376078977301,"{0: 18, 1: 0, 2: 2, 3: 0, 4: 0}",0
145,False,"{'a': 0.15, 'e': 0.20957801665320544}",25,14,21.19353429811968,"{0: 11, 1: 0, 2: 0, 3: 0, 4: 0}",1
146,False,"{'a': 0.15, 'e': 0.20748223648667338}",25,11,-26.365621581902978,"{0: 12, 1: 0, 2: 1, 3: 0, 4: 1}",1
147,False,"{'a': 0.15, 'e': 0.20540741412180666}",30,14,-46.25274204734137,"{0: 13, 1: 0, 2: 1, 3: 1, 4: 1}",1
148,False,"{'a': 0.15, 'e': 0.20335333998058858}",30,2,2.752891979331787,"{0: 25, 1: 1, 2: 1, 3: 1, 4: 0}",1
149,False,"{'a': 0.15, 'e': 0.2013198065807827}",25,0,24.363666038524148,"{0: 24, 1: 0, 2: 1, 3: 0, 4: 0}",0
150,False,"{'a': 0.15, 'e': 0.19930660851497486}",20,16,6.796830427504937,"{0: 4, 1: 0, 2: 0, 3: 0, 4: 0}",1
151,False,"{'a': 0.15, 'e': 0.1973135424298251}",20,4,26.783886469024292,"{0: 16, 1: 0, 2: 0, 3: 0, 4: 0}",1
152,False,"{'a': 0.15, 'e': 0.19534040700552685}",25,15,18.416230262259308,"{0: 10, 1: 0, 2: 0, 3: 0, 4: 0}",1
153,False,"{'a': 0.15, 'e': 0.1933870029354716}",25,16,2.346144226407519,"{0: 8, 1: 0, 2: 1, 3: 0, 4: 0}",1
154,False,"{'a': 0.15, 'e': 0.19145313290611687}",20,2,-40.78625978196893,"{0: 15, 1: 1, 2: 0, 3: 1, 4: 1}",1
155,False,"{'a': 0.15, 'e': 0.1895386015770557}",20,5,3.986390503685344,"{0: 13, 1: 0, 2: 2, 3: 0, 4: 0}",1
156,False,"{'a': 0.15, 'e': 0.18764321556128516}",20,0,19.741705856361833,"{0: 19, 1: 0, 2: 1, 3: 0, 4: 0}",0
157,False,"{'a': 0.15, 'e': 0.18576678340567232}",25,20,11.98118254697862,"{0: 5, 1: 0, 2: 0, 3: 0, 4: 0}",1
158,False,"{'a': 0.15, 'e': 0.1839091155716156}",25,12,-32.71162386463965,"{0: 10, 1: 2, 2: 0, 3: 0, 4: 1}",1
159,False,"{'a': 0.15, 'e': 0.18207002441589945}",20,12,13.520933985397708,"{0: 8, 1: 0, 2: 0, 3: 0, 4: 0}",1
160,False,"{'a': 0.15, 'e': 0.18024932417174044}",25,11,-1.5522859742278958,"{0: 13, 1: 0, 2: 0, 3: 1, 4: 0}",1
161,False,"{'a': 0.15, 'e': 0.17844683093002303}",20,0,-37.62429705364347,"{0: 17, 1: 0, 2: 2, 3: 0, 4: 1}",1
162,False,"{'a': 0.15, 'e': 0.1766623626207228}",25,15,18.233284846365212,"{0: 10, 1: 0, 2: 0, 3: 0, 4: 0}",1
163,False,"{'a': 0.15, 'e': 0.17489573899451558}",25,14,22.42633385285295,"{0: 11, 1: 0, 2: 0, 3: 0, 4: 0}",1
164,False,"{'a': 0.15, 'e': 0.17314678160457042}",30,19,21.204455058070586,"{0: 11, 1: 0, 2: 0, 3: 0, 4: 0}",1
165,False,"{'a': 0.15, 'e': 0.1714153137885247}",30,21,3.9169011279541732,"{0: 8, 1: 0, 2: 1, 3: 0, 4: 0}",1
166,False,"{'a': 0.15, 'e': 0.16970116065063945}",20,8,20.69386346077296,"{0: 12, 1: 0, 2: 0, 3: 0, 4: 0}",1
167,False,"{'a': 0.15, 'e': 0.16800414904413305}",25,6,28.287609081337312,"{0: 18, 1: 1, 2: 0, 3: 0, 4: 0}",1
168,False,"{'a': 0.15, 'e': 0.16632410755369173}",20,12,14.68764791036221,"{0: 8, 1: 0, 2: 0, 3: 0, 4: 0}",1
169,False,"{'a': 0.15, 'e': 0.1646608664781548}",20,9,14.18052451977691,"{0: 10, 1: 1, 2: 0, 3: 0, 4: 0}",1
170,False,"{'a': 0.15, 'e': 0.16301425781337325}",20,11,15.625498472113616,"{0: 9, 1: 0, 2: 0, 3: 0, 4: 0}",1
171,False,"{'a': 0.15, 'e': 0.16138411523523952}",25,8,9.199913195977736,"{0: 15, 1: 1, 2: 1, 3: 0, 4: 0}",1
172,False,"{'a': 0.15, 'e': 0.15977027408288713}",30,1,-28.50809197712682,"{0: 25, 1: 1, 2: 2, 3: 0, 4: 1}",1
173,False,"{'a': 0.15, 'e': 0.15817257134205825}",30,19,24.542051521181353,"{0: 11, 1: 0, 2: 0, 3: 0, 4: 0}",1
174,False,"{'a': 0.15, 'e': 0.15659084562863768}",20,13,-23.735544025713853,"{0: 6, 1: 0, 2: 0, 3: 0, 4: 1}",1
175,False,"{'a': 0.15, 'e': 0.1550249371723513}",25,13,21.599679616313175,"{0: 12, 1: 0, 2: 0, 3: 0, 4: 0}",1
176,False,"{'a': 0.15, 'e': 0.15347468780062778}",25,20,8.705805138810248,"{0: 5, 1: 0, 2: 0, 3: 0, 4: 0}",1
177,False,"{'a': 0.15, 'e': 0.1519399409226215}",20,4,15.384500072171127,"{0: 15, 1: 0, 2: 1, 3: 0, 4: 0}",1
178,False,"{'a': 0.15, 'e': 0.1504205415133953}",30,13,-14.972419231825999,"{0: 16, 1: 0, 2: 0, 3: 0, 4: 1}",1
179,False,"{'a': 0.15, 'e': 0.14891633609826133}",25,19,12.276571006063083,"{0: 6, 1: 0, 2: 0, 3: 0, 4: 0}",1
180,False,"{'a': 0.15, 'e': 0.1474271727372787}",20,9,17.89801538080243,"{0: 11, 1: 0, 2: 0, 3: 0, 4: 0}",1
181,False,"{'a': 0.15, 'e': 0.1459529010099059}",25,8,29.796975122515214,"{0: 17, 1: 0, 2: 0, 3: 0, 4: 0}",1
182,False,"{'a': 0.15, 'e': 0.14449337199980686}",20,12,15.168230280984467,"{0: 8, 1: 0, 2: 0, 3: 0, 4: 0}",1
183,False,"{'a': 0.15, 'e': 0.1430484382798088}",25,13,23.672025254628043,"{0: 12, 1: 0, 2: 0, 3: 0, 4: 0}",1
184,False,"{'a': 0.15, 'e': 0.1416179538970107}",20,10,15.181232093050623,"{0: 10, 1: 0, 2: 0, 3: 0, 4: 0}",1
185,False,"{'a': 0.15, 'e': 0.1402017743580406}",25,0,24.96911675422759,"{0: 24, 1: 0, 2: 1, 3: 0, 4: 0}",0
186,False,"{'a': 0.15, 'e': 0.1387997566144602}",35,22,21.00324830244302,"{0: 13, 1: 0, 2: 0, 3: 0, 4: 0}",1
187,False,"{'a': 0.15, 'e': 0.1374117590483156}",20,4,24.310003391576405,"{0: 16, 1: 0, 2: 0, 3: 0, 4: 0}",1
188,False,"{'a': 0.15, 'e': 0.13603764145783243}",20,10,18.723596838618192,"{0: 10, 1: 0, 2: 0, 3: 0, 4: 0}",1
189,False,"{'a': 0.15, 'e': 0.1346772650432541}",25,3,35.899616852748885,"{0: 22, 1: 0, 2: 0, 3: 0, 4: 0}",1
190,False,"{'a': 0.15, 'e': 0.13333049239282158}",30,16,22.761592015690773,"{0: 14, 1: 0, 2: 0, 3: 0, 4: 0}",1
191,False,"{'a': 0.15, 'e': 0.13199718746889336}",30,8,20.83513902454545,"{0: 21, 1: 0, 2: 1, 3: 0, 4: 0}",1
192,False,"{'a': 0.15, 'e': 0.13067721559420442}",25,17,14.879310925570232,"{0: 8, 1: 0, 2: 0, 3: 0, 4: 0}",1
193,False,"{'a': 0.15, 'e': 0.12937044343826237}",20,11,11.412909208967125,"{0: 8, 1: 1, 2: 0, 3: 0, 4: 0}",1
194,False,"{'a': 0.15, 'e': 0.12807673900387975}",25,16,16.572982487844445,"{0: 9, 1: 0, 2: 0, 3: 0, 4: 0}",1
195,False,"{'a': 0.15, 'e': 0.12679597161384096}",25,14,-2.4382426865468045,"{0: 10, 1: 0, 2: 0, 3: 1, 4: 0}",1
196,False,"{'a': 0.15, 'e': 0.12552801189770255}",20,7,23.465211317694703,"{0: 13, 1: 0, 2: 0, 3: 0, 4: 0}",1
197,False,"{'a': 0.15, 'e': 0.12427273177872553}",35,16,27.18788386624341,"{0: 18, 1: 0, 2: 1, 3: 0, 4: 0}",1
198,False,"{'a': 0.15, 'e': 0.12303000446093827}",25,5,20.501035157622418,"{0: 18, 1: 2, 2: 0, 3: 0, 4: 0}",1
199,False,"{'a': 0.15, 'e': 0.12179970441632888}",25,17,4.3990064385825125,"{0: 7, 1: 0, 2: 1, 3: 0, 4: 0}",1
200,False,"{'a': 0.15, 'e': 0.12058170737216559}",25,18,-26.83563525832763,"{0: 6, 1: 0, 2: 0, 3: 0, 4: 1}",1
201,False,"{'a': 0.15, 'e': 0.11937589029844393}",20,15,7.887080645472287,"{0: 5, 1: 0, 2: 0, 3: 0, 4: 0}",1
202,False,"{'a': 0.15, 'e': 0.1181821313954595}",25,9,33.133372638585115,"{0: 16, 1: 0, 2: 0, 3: 0, 4: 0}",1
203,False,"{'a': 0.15, 'e': 0.1170003100815049}",20,10,14.776308882518707,"{0: 9, 1: 1, 2: 0, 3: 0, 4: 0}",1
204,False,"{'a': 0.15, 'e': 0.11583030698068984}",20,10,6.260082384410483,"{0: 9, 1: 0, 2: 1, 3: 0, 4: 0}",1
205,False,"{'a': 0.15, 'e': 0.11467200391088295}",25,12,17.61602641102886,"{0: 13, 1: 0, 2: 0, 3: 0, 4: 0}",1
206,False,"{'a': 0.15, 'e': 0.11352528387177412}",20,3,25.957942767148978,"{0: 17, 1: 0, 2: 0, 3: 0, 4: 0}",1
207,False,"{'a': 0.15, 'e': 0.11239003103305638}",25,7,-7.083999345221242,"{0: 17, 1: 0, 2: 0, 3: 0, 4: 1}",1
208,False,"{'a': 0.15, 'e': 0.11126613072272581}",20,14,-27.415097041056782,"{0: 5, 1: 0, 2: 0, 3: 0, 4: 1}",1
209,False,"{'a': 0.15, 'e': 0.11015346941549856}",25,5,31.50091851096489,"{0: 20, 1: 0, 2: 0, 3: 0, 4: 0}",1
210,False,"{'a': 0.15, 'e': 0.10905193472134357}",30,18,20.43591647777442,"{0: 12, 1: 0, 2: 0, 3: 0, 4: 0}",1
211,False,"{'a': 0.15, 'e': 0.10796141537413013}",20,12,6.588066045134771,"{0: 7, 1: 1, 2: 0, 3: 0, 4: 0}",1
212,False,"{'a': 0.15, 'e': 0.10688180122038883}",20,10,12.86132952615086,"{0: 9, 1: 1, 2: 0, 3: 0, 4: 0}",1
213,False,"{'a': 0.15, 'e': 0.10581298320818494}",30,17,26.720256205508022,"{0: 13, 1: 0, 2: 0, 3: 0, 4: 0}",1
214,False,"{'a': 0.15, 'e': 0.10475485337610309}",25,18,12.060345717481438,"{0: 7, 1: 0, 2: 0, 3: 0, 4: 0}",1
215,False,"{'a': 0.15, 'e': 0.10370730484234206}",25,18,1.462877545736626,"{0: 6, 1: 0, 2: 1, 3: 0, 4: 0}",1
216,False,"{'a': 0.15, 'e': 0.10267023179391864}",30,22,14.366995340936558,"{0: 8, 1: 0, 2: 0, 3: 0, 4: 0}",1
217,False,"{'a': 0.15, 'e': 0.10164352947597945}",25,5,6.762915323475672,"{0: 17, 1: 2, 2: 1, 3: 0, 4: 0}",1
218,False,"{'a': 0.15, 'e': 0.10062709418121965}",30,17,22.08156652981056,"{0: 13, 1: 0, 2: 0, 3: 0, 4: 0}",1
219,False,"{'a': 0.15, 'e': 0.09962082323940745}",35,26,16.405421810402864,"{0: 9, 1: 0, 2: 0, 3: 0, 4: 0}",1
220,False,"{'a': 0.15, 'e': 0.09862461500701337}",20,12,14.522539645428031,"{0: 8, 1: 0, 2: 0, 3: 0, 4: 0}",1
221,False,"{'a': 0.15, 'e': 0.09763836885694324}",25,14,21.525488718612184,"{0: 11, 1: 0, 2: 0, 3: 0, 4: 0}",1
222,False,"{'a': 0.15, 'e': 0.0966619851683738}",25,14,17.948156224538483,"{0: 11, 1: 0, 2: 0, 3: 0, 4: 0}",1
223,False,"{'a': 0.15, 'e': 0.09569536531669007}",20,16,6.855292569488818,"{0: 4, 1: 0, 2: 0, 3: 0, 4: 0}",1
224,False,"{'a': 0.15, 'e': 0.09473841166352316}",25,9,30.968830538319953,"{0: 16, 1: 0, 2: 0, 3: 0, 4: 0}",1
225,False,"{'a': 0.15, 'e': 0.09379102754688792}",25,12,23.84180560839618,"{0: 13, 1: 0, 2: 0, 3: 0, 4: 0}",1
226,False,"{'a': 0.15, 'e': 0.09285311727141904}",30,13,23.65422959516097,"{0: 16, 1: 1, 2: 0, 3: 0, 4: 0}",1
227,False,"{'a': 0.15, 'e': 0.09192458609870485}",25,18,13.780699532441062,"{0: 7, 1: 0, 2: 0, 3: 0, 4: 0}",1
228,False,"{'a': 0.15, 'e': 0.09100534023771781}",20,11,17.58831979740108,"{0: 9, 1: 0, 2: 0, 3: 0, 4: 0}",1
229,False,"{'a': 0.15, 'e': 0.09009528683534063}",20,6,24.294755581452307,"{0: 14, 1: 0, 2: 0, 3: 0, 4: 0}",1
230,False,"{'a': 0.15, 'e': 0.08919433396698721}",20,15,8.351650369268059,"{0: 5, 1: 0, 2: 0, 3: 0, 4: 0}",1
231,False,"{'a': 0.15, 'e': 0.08830239062731735}",30,4,44.577786695436025,"{0: 26, 1: 0, 2: 0, 3: 0, 4: 0}",1
232,False,"{'a': 0.15, 'e': 0.08741936672104417}",30,23,13.663020825695783,"{0: 7, 1: 0, 2: 0, 3: 0, 4: 0}",1
233,False,"{'a': 0.15, 'e': 0.08654517305383372}",25,16,17.176999877796497,"{0: 9, 1: 0, 2: 0, 3: 0, 4: 0}",1
234,False,"{'a': 0.15, 'e': 0.08567972132329538}",20,13,7.433442915942689,"{0: 6, 1: 1, 2: 0, 3: 0, 4: 0}",1
235,False,"{'a': 0.15, 'e': 0.08482292411006243}",20,6,24.843989423665484,"{0: 14, 1: 0, 2: 0, 3: 0, 4: 0}",1
236,False,"{'a': 0.15, 'e': 0.0839746948689618}",25,11,26.622837258032742,"{0: 14, 1: 0, 2: 0, 3: 0, 4: 0}",1
237,False,"{'a': 0.15, 'e': 0.08313494792027218}",25,9,27.98382500849863,"{0: 16, 1: 0, 2: 0, 3: 0, 4: 0}",1
238,False,"{'a': 0.15, 'e': 0.08230359844106945}",20,0,-13.383420001872317,"{0: 19, 1: 0, 2: 0, 3: 0, 4: 1}",0
239,False,"{'a': 0.15, 'e': 0.08148056245665876}",25,0,16.78126578458357,"{0: 24, 1: 0, 2: 0, 3: 1, 4: 0}",0
240,False,"{'a': 0.15, 'e': 0.08066575683209216}",20,13,5.486804511318212,"{0: 6, 1: 1, 2: 0, 3: 0, 4: 0}",1
241,False,"{'a': 0.15, 'e': 0.07985909926377124}",30,16,25.305151119506853,"{0: 14, 1: 0, 2: 0, 3: 0, 4: 0}",1
242,False,"{'a': 0.15, 'e': 0.07906050827113353}",20,13,12.083275905106236,"{0: 7, 1: 0, 2: 0, 3: 0, 4: 0}",1
243,False,"{'a': 0.15, 'e': 0.0782699031884222}",20,15,8.446077869886626,"{0: 5, 1: 0, 2: 0, 3: 0, 4: 0}",1
244,False,"{'a': 0.15, 'e': 0.07748720415653797}",20,12,-6.705941242935683,"{0: 7, 1: 0, 2: 0, 3: 1, 4: 0}",1
245,False,"{'a': 0.15, 'e': 0.07671233211497258}",20,0,-22.95267122416381,"{0: 18, 1: 0, 2: 1, 3: 0, 4: 1}",1
246,False,"{'a': 0.15, 'e': 0.07594520879382285}",20,0,26.81659573344652,"{0: 20, 1: 0, 2: 0, 3: 0, 4: 0}",1
247,False,"{'a': 0.15, 'e': 0.07518575670588462}",30,16,20.98333433786029,"{0: 14, 1: 0, 2: 0, 3: 0, 4: 0}",1
248,False,"{'a': 0.15, 'e': 0.07443389913882577}",25,18,12.279990324295504,"{0: 7, 1: 0, 2: 0, 3: 0, 4: 0}",1
249,False,"{'a': 0.15, 'e': 0.07368956014743751}",30,11,31.79337859443315,"{0: 19, 1: 0, 2: 0, 3: 0, 4: 0}",1
250,False,"{'a': 0.15, 'e': 0.07295266454596314}",25,8,30.641755752388725,"{0: 17, 1: 0, 2: 0, 3: 0, 4: 0}",1
251,False,"{'a': 0.15, 'e': 0.0722231379005035}",20,10,17.897468375904833,"{0: 10, 1: 0, 2: 0, 3: 0, 4: 0}",1
252,False,"{'a': 0.15, 'e': 0.07150090652149846}",25,15,15.318656923685657,"{0: 10, 1: 0, 2: 0, 3: 0, 4: 0}",1
253,False,"{'a': 0.15, 'e': 0.07078589745628347}",25,9,28.65690811394778,"{0: 16, 1: 0, 2: 0, 3: 0, 4: 0}",1
254,False,"{'a': 0.15, 'e': 0.07007803848172063}",20,14,10.928478494577895,"{0: 6, 1: 0, 2: 0, 3: 0, 4: 0}",1
255,False,"{'a': 0.15, 'e': 0.06937725809690343}",25,13,21.27342948523301,"{0: 12, 1: 0, 2: 0, 3: 0, 4: 0}",1
256,False,"{'a': 0.15, 'e': 0.0686834855159344}",35,24,8.471318048345896,"{0: 10, 1: 0, 2: 1, 3: 0, 4: 0}",1
257,False,"{'a': 0.15, 'e': 0.06799665066077505}",20,0,32.443300468012055,"{0: 20, 1: 0, 2: 0, 3: 0, 4: 0}",1
258,False,"{'a': 0.15, 'e': 0.0673166841541673}",25,14,19.22723296026934,"{0: 11, 1: 0, 2: 0, 3: 0, 4: 0}",1
259,False,"{'a': 0.15, 'e': 0.06664351731262563}",25,20,6.688062429528578,"{0: 5, 1: 0, 2: 0, 3: 0, 4: 0}",1
260,False,"{'a': 0.15, 'e': 0.06597708213949938}",25,8,12.810118546993566,"{0: 16, 1: 0, 2: 0, 3: 1, 4: 0}",1
261,False,"{'a': 0.15, 'e': 0.06531731131810438}",25,17,14.528762080997225,"{0: 8, 1: 0, 2: 0, 3: 0, 4: 0}",1
262,False,"{'a': 0.15, 'e': 0.06466413820492334}",20,13,12.868857601257114,"{0: 7, 1: 0, 2: 0, 3: 0, 4: 0}",1
263,False,"{'a': 0.15, 'e': 0.06401749682287411}",25,13,21.281592057755795,"{0: 12, 1: 0, 2: 0, 3: 0, 4: 0}",1
264,False,"{'a': 0.15, 'e': 0.06337732185464537}",25,9,24.165713509304283,"{0: 16, 1: 0, 2: 0, 3: 0, 4: 0}",1
265,False,"{'a': 0.15, 'e': 0.06274354863609892}",25,11,29.10963909267755,"{0: 14, 1: 0, 2: 0, 3: 0, 4: 0}",1
266,False,"{'a': 0.15, 'e': 0.06211611314973793}",35,19,30.051144797672208,"{0: 16, 1: 0, 2: 0, 3: 0, 4: 0}",1
267,False,"{'a': 0.15, 'e': 0.06149495201824055}",20,14,10.40901610422976,"{0: 6, 1: 0, 2: 0, 3: 0, 4: 0}",1
268,False,"{'a': 0.15, 'e': 0.060880002498058146}",20,0,34.80560209599302,"{0: 20, 1: 0, 2: 0, 3: 0, 4: 0}",0
269,False,"{'a': 0.15, 'e': 0.060271202473077566}",35,18,33.82476856068148,"{0: 17, 1: 0, 2: 0, 3: 0, 4: 0}",1
270,False,"{'a': 0.15, 'e': 0.05966849044834679}",25,19,11.085141666720101,"{0: 6, 1: 0, 2: 0, 3: 0, 4: 0}",1
271,False,"{'a': 0.15, 'e': 0.05907180554386332}",20,10,15.649233015402304,"{0: 10, 1: 0, 2: 0, 3: 0, 4: 0}",1
272,False,"{'a': 0.15, 'e': 0.058481087488424684}",30,23,8.411532682908037,"{0: 7, 1: 0, 2: 0, 3: 0, 4: 0}",1
273,False,"{'a': 0.15, 'e': 0.05789627661354044}",25,2,30.47230246682455,"{0: 22, 1: 0, 2: 1, 3: 0, 4: 0}",1
274,False,"{'a': 0.15, 'e': 0.05731731384740503}",25,16,18.281731956651782,"{0: 9, 1: 0, 2: 0, 3: 0, 4: 0}",1
275,False,"{'a': 0.15, 'e': 0.05674414070893098}",25,18,13.549131814253183,"{0: 7, 1: 0, 2: 0, 3: 0, 4: 0}",1
276,False,"{'a': 0.15, 'e': 0.05617669930184167}",20,9,20.716174314040543,"{0: 11, 1: 0, 2: 0, 3: 0, 4: 0}",1
277,False,"{'a': 0.15, 'e': 0.05561493230882326}",30,19,0.6409617208373792,"{0: 10, 1: 0, 2: 0, 3: 1, 4: 0}",1
278,False,"{'a': 0.15, 'e': 0.05505878298573502}",20,6,18.898271182907585,"{0: 13, 1: 1, 2: 0, 3: 0, 4: 0}",1
279,False,"{'a': 0.15, 'e': 0.054508195155877674}",25,20,10.288837063590915,"{0: 5, 1: 0, 2: 0, 3: 0, 4: 0}",1
280,False,"{'a': 0.15, 'e': 0.053963113204318895}",30,16,-11.041652921738542,"{0: 13, 1: 0, 2: 0, 3: 0, 4: 1}",1
281,False,"{'a': 0.15, 'e': 0.05342348207227571}",25,14,16.090950258525847,"{0: 11, 1: 0, 2: 0, 3: 0, 4: 0}",1
282,False,"{'a': 0.15, 'e': 0.05288924725155295}",30,22,15.891452613303388,"{0: 8, 1: 0, 2: 0, 3: 0, 4: 0}",1
283,False,"{'a': 0.15, 'e': 0.05236035477903742}",25,12,-19.41915709850586,"{0: 12, 1: 0, 2: 0, 3: 0, 4: 1}",1
284,False,"{'a': 0.15, 'e': 0.05183675123124705}",25,0,-5.278419900230126,"{0: 24, 1: 0, 2: 0, 3: 0, 4: 1}",1
285,False,"{'a': 0.15, 'e': 0.05131838371893458}",20,12,12.890102099195289,"{0: 8, 1: 0, 2: 0, 3: 0, 4: 0}",1
286,False,"{'a': 0.15, 'e': 0.050805199881745235}",20,0,37.78158298894094,"{0: 20, 1: 0, 2: 0, 3: 0, 4: 0}",0
287,False,"{'a': 0.15, 'e': 0.05029714788292778}",20,10,16.661560354123793,"{0: 10, 1: 0, 2: 0, 3: 0, 4: 0}",1
288,False,"{'a': 0.15, 'e': 0.0497941764040985}",25,17,15.655508881288258,"{0: 8, 1: 0, 2: 0, 3: 0, 4: 0}",1
289,False,"{'a': 0.15, 'e': 0.049296234640057515}",25,13,21.89134896004471,"{0: 12, 1: 0, 2: 0, 3: 0, 4: 0}",1
290,False,"{'a': 0.15, 'e': 0.04880327229365694}",25,12,23.260889303768966,"{0: 13, 1: 0, 2: 0, 3: 0, 4: 0}",1
291,False,"{'a': 0.15, 'e': 0.04831523957072037}",25,11,23.958911618181926,"{0: 14, 1: 0, 2: 0, 3: 0, 4: 0}",1
292,False,"{'a': 0.15, 'e': 0.047832087175013166}",30,12,31.18601281827443,"{0: 18, 1: 0, 2: 0, 3: 0, 4: 0}",1
293,False,"{'a': 0.15, 'e': 0.04735376630326303}",25,15,22.058988152368016,"{0: 10, 1: 0, 2: 0, 3: 0, 4: 0}",1
294,False,"{'a': 0.15, 'e': 0.0468802286402304}",35,28,11.392984886003537,"{0: 7, 1: 0, 2: 0, 3: 0, 4: 0}",1
295,False,"{'a': 0.15, 'e': 0.0464114263538281}",20,16,8.933083846262203,"{0: 4, 1: 0, 2: 0, 3: 0, 4: 0}",1
296,False,"{'a': 0.15, 'e': 0.045947312090289814}",20,13,13.340613339983099,"{0: 7, 1: 0, 2: 0, 3: 0, 4: 0}",1
297,False,"{'a': 0.15, 'e': 0.045487838969386914}",20,3,15.656441045848654,"{0: 16, 1: 0, 2: 1, 3: 0, 4: 0}",1
298,False,"{'a': 0.15, 'e': 0.04503296057969305}",20,3,-9.941684651391599,"{0: 16, 1: 0, 2: 0, 3: 0, 4: 1}",1
299,False,"{'a': 0.15, 'e': 0.044582630973896115}",30,19,21.187660622767364,"{0: 11, 1: 0, 2: 0, 3: 0, 4: 0}",1
300,False,"{'a': 0.15, 'e': 0.044136804664157155}",20,0,-7.017649450036229,"{0: 19, 1: 0, 2: 0, 3: 0, 4: 1}",0
301,False,"{'a': 0.15, 'e': 0.043695436617515584}",25,13,21.209405125157247,"{0: 12, 1: 0, 2: 0, 3: 0, 4: 0}",1
302,False,"{'a': 0.15, 'e': 0.04325848225134043}",25,17,16.609609314218883,"{0: 8, 1: 0, 2: 0, 3: 0, 4: 0}",1
303,False,"{'a': 0.15, 'e': 0.042825897428827024}",25,1,40.25379241708413,"{0: 24, 1: 0, 2: 0, 3: 0, 4: 0}",1
304,False,"{'a': 0.15, 'e': 0.042397638454538755}",20,8,21.959056176836643,"{0: 12, 1: 0, 2: 0, 3: 0, 4: 0}",1
305,False,"{'a': 0.15, 'e': 0.04197366206999337}",20,13,11.98233254833931,"{0: 7, 1: 0, 2: 0, 3: 0, 4: 0}",1
306,False,"{'a': 0.15, 'e': 0.041553925449293434}",20,14,12.10047066472268,"{0: 6, 1: 0, 2: 0, 3: 0, 4: 0}",1
307,False,"{'a': 0.15, 'e': 0.0411383861948005}",30,20,19.451151932441974,"{0: 10, 1: 0, 2: 0, 3: 0, 4: 0}",1
308,False,"{'a': 0.15, 'e': 0.040727002332852494}",30,18,22.75955906619517,"{0: 12, 1: 0, 2: 0, 3: 0, 4: 0}",1
309,False,"{'a': 0.15, 'e': 0.040319732309523966}",25,15,15.071992051338842,"{0: 10, 1: 0, 2: 0, 3: 0, 4: 0}",1
310,False,"{'a': 0.15, 'e': 0.03991653498642873}",25,14,19.0374750154807,"{0: 11, 1: 0, 2: 0, 3: 0, 4: 0}",1
311,False,"{'a': 0.15, 'e': 0.03951736963656444}",20,16,8.594615435737307,"{0: 4, 1: 0, 2: 0, 3: 0, 4: 0}",1
312,False,"{'a': 0.15, 'e': 0.03912219594019879}",30,12,5.576529447360838,"{0: 16, 1: 0, 2: 2, 3: 0, 4: 0}",1
313,False,"{'a': 0.15, 'e': 0.03873097398079681}",25,10,30.45038805343471,"{0: 15, 1: 0, 2: 0, 3: 0, 4: 0}",1
314,False,"{'a': 0.15, 'e': 0.03834366424098884}",30,11,4.601383990817495,"{0: 17, 1: 1, 2: 0, 3: 1, 4: 0}",1
315,False,"{'a': 0.15, 'e': 0.03796022759857895}",25,19,11.607790159404932,"{0: 6, 1: 0, 2: 0, 3: 0, 4: 0}",1
316,False,"{'a': 0.15, 'e': 0.03758062532259316}",20,12,12.28746738769468,"{0: 8, 1: 0, 2: 0, 3: 0, 4: 0}",1
317,False,"{'a': 0.15, 'e': 0.03720481906936723}",30,22,15.429234887105807,"{0: 8, 1: 0, 2: 0, 3: 0, 4: 0}",1
318,False,"{'a': 0.15, 'e': 0.03683277087867355}",20,8,22.981303946731103,"{0: 12, 1: 0, 2: 0, 3: 0, 4: 0}",1
319,False,"{'a': 0.15, 'e': 0.03646444316988681}",25,15,20.02358068941414,"{0: 10, 1: 0, 2: 0, 3: 0, 4: 0}",1
320,False,"{'a': 0.15, 'e': 0.036099798738187944}",30,13,33.01439034067426,"{0: 17, 1: 0, 2: 0, 3: 0, 4: 0}",1
321,False,"{'a': 0.15, 'e': 0.035738800750806064}",25,11,26.717676605239614,"{0: 14, 1: 0, 2: 0, 3: 0, 4: 0}",1
322,False,"{'a': 0.15, 'e': 0.035381412743298}",20,14,10.177026389552118,"{0: 6, 1: 0, 2: 0, 3: 0, 4: 0}",1
323,False,"{'a': 0.15, 'e': 0.03502759861586502}",20,16,8.330044474102753,"{0: 4, 1: 0, 2: 0, 3: 0, 4: 0}",1
324,False,"{'a': 0.15, 'e': 0.03467732262970637}",20,10,17.254850430758996,"{0: 10, 1: 0, 2: 0, 3: 0, 4: 0}",1
325,False,"{'a': 0.15, 'e': 0.0343305494034093}",20,14,9.713023889878789,"{0: 6, 1: 0, 2: 0, 3: 0, 4: 0}",1
326,False,"{'a': 0.15, 'e': 0.03398724390937521}",20,8,23.856734545698586,"{0: 12, 1: 0, 2: 0, 3: 0, 4: 0}",1
327,False,"{'a': 0.15, 'e': 0.033647371470281455}",20,9,17.87605243023128,"{0: 11, 1: 0, 2: 0, 3: 0, 4: 0}",1
328,False,"{'a': 0.15, 'e': 0.03331089775557864}",25,8,32.6344554612042,"{0: 17, 1: 0, 2: 0, 3: 0, 4: 0}",1
329,False,"{'a': 0.15, 'e': 0.032977788778022855}",25,13,23.16297997730007,"{0: 12, 1: 0, 2: 0, 3: 0, 4: 0}",1
330,False,"{'a': 0.15, 'e': 0.03264801089024263}",30,20,17.62345947197307,"{0: 10, 1: 0, 2: 0, 3: 0, 4: 0}",1
331,False,"{'a': 0.15, 'e': 0.0323215307813402}",25,0,38.46316883836062,"{0: 25, 1: 0, 2: 0, 3: 0, 4: 0}",0
332,False,"{'a': 0.15, 'e': 0.0319983154735268}",20,16,6.2090386906647925,"{0: 4, 1: 0, 2: 0, 3: 0, 4: 0}",1
333,False,"{'a': 0.15, 'e': 0.03167833231879153}",20,3,26.46851518241683,"{0: 17, 1: 0, 2: 0, 3: 0, 4: 0}",1
334,False,"{'a': 0.15, 'e': 0.031361548995603616}",20,12,15.174050085564106,"{0: 8, 1: 0, 2: 0, 3: 0, 4: 0}",1
335,False,"{'a': 0.15, 'e': 0.03104793350564758}",25,7,-8.274949363045259,"{0: 17, 1: 0, 2: 0, 3: 0, 4: 1}",1
336,False,"{'a': 0.15, 'e': 0.030737454170591105}",25,3,37.707327262450484,"{0: 22, 1: 0, 2: 0, 3: 0, 4: 0}",1
337,False,"{'a': 0.15, 'e': 0.030430079628885193}",20,0,6.606427445816635,"{0: 19, 1: 0, 2: 0, 3: 1, 4: 0}",0
338,False,"{'a': 0.15, 'e': 0.03012577883259634}",25,8,32.23041792705614,"{0: 17, 1: 0, 2: 0, 3: 0, 4: 0}",1
339,False,"{'a': 0.15, 'e': 0.02982452104427038}",25,14,16.45070075622114,"{0: 11, 1: 0, 2: 0, 3: 0, 4: 0}",1
340,False,"{'a': 0.15, 'e': 0.029526275833827675}",20,13,14.104412830660078,"{0: 7, 1: 0, 2: 0, 3: 0, 4: 0}",1
341,False,"{'a': 0.15, 'e': 0.029231013075489396}",35,16,26.988292183558563,"{0: 18, 1: 1, 2: 0, 3: 0, 4: 0}",1
342,False,"{'a': 0.15, 'e': 0.028938702944734503}",35,13,-5.080463223476585,"{0: 21, 1: 0, 2: 0, 3: 0, 4: 1}",1
343,False,"{'a': 0.15, 'e': 0.028649315915287157}",30,20,13.286485470133156,"{0: 9, 1: 1, 2: 0, 3: 0, 4: 0}",1
344,False,"{'a': 0.15, 'e': 0.028362822756134286}",35,9,42.607935096529594,"{0: 26, 1: 0, 2: 0, 3: 0, 4: 0}",1
345,False,"{'a': 0.15, 'e': 0.028079194528572944}",25,13,19.138182294284764,"{0: 12, 1: 0, 2: 0, 3: 0, 4: 0}",1
346,False,"{'a': 0.15, 'e': 0.027798402583287214}",20,7,21.334986215221647,"{0: 13, 1: 0, 2: 0, 3: 0, 4: 0}",1
347,False,"{'a': 0.15, 'e': 0.02752041855745434}",20,16,7.816349108806129,"{0: 4, 1: 0, 2: 0, 3: 0, 4: 0}",1
348,False,"{'a': 0.15, 'e': 0.027245214371879798}",20,11,14.452289925573684,"{0: 9, 1: 0, 2: 0, 3: 0, 4: 0}",1
349,False,"{'a': 0.15, 'e': 0.026972762228161}",25,5,32.471009204421755,"{0: 20, 1: 0, 2: 0, 3: 0, 4: 0}",1
350,False,"{'a': 0.15, 'e': 0.026703034605879392}",25,17,14.056108603776773,"{0: 8, 1: 0, 2: 0, 3: 0, 4: 0}",1
351,False,"{'a': 0.15, 'e': 0.026436004259820598}",20,11,18.729294389985473,"{0: 9, 1: 0, 2: 0, 3: 0, 4: 0}",1
352,False,"{'a': 0.15, 'e': 0.02617164421722239}",25,14,21.144307093042762,"{0: 11, 1: 0, 2: 0, 3: 0, 4: 0}",1
353,False,"{'a': 0.15, 'e': 0.025909927775050166}",30,13,32.37081786757537,"{0: 17, 1: 0, 2: 0, 3: 0, 4: 0}",1
354,False,"{'a': 0.15, 'e': 0.025650828497299664}",30,22,15.910382790486718,"{0: 8, 1: 0, 2: 0, 3: 0, 4: 0}",1
355,False,"{'a': 0.15, 'e': 0.025394320212326668}",20,0,17.04432852672449,"{0: 19, 1: 0, 2: 1, 3: 0, 4: 0}",0
356,False,"{'a': 0.15, 'e': 0.025140377010203403}",30,12,33.7120671827424,"{0: 18, 1: 0, 2: 0, 3: 0, 4: 0}",1
357,False,"{'a': 0.15, 'e': 0.024888973240101368}",20,10,21.59308066859569,"{0: 10, 1: 0, 2: 0, 3: 0, 4: 0}",1
358,False,"{'a': 0.15, 'e': 0.024640083507700354}",25,16,16.731253103552866,"{0: 9, 1: 0, 2: 0, 3: 0, 4: 0}",1
359,False,"{'a': 0.15, 'e': 0.02439368267262335}",30,17,25.98156412550884,"{0: 13, 1: 0, 2: 0, 3: 0, 4: 0}",1
360,False,"{'a': 0.15, 'e': 0.024149745845897116}",25,15,18.77824334562712,"{0: 10, 1: 0, 2: 0, 3: 0, 4: 0}",1
361,False,"{'a': 0.15, 'e': 0.023908248387438144}",30,13,26.275406150154502,"{0: 17, 1: 0, 2: 0, 3: 0, 4: 0}",1
362,False,"{'a': 0.15, 'e': 0.02366916590356376}",20,10,17.000344905307283,"{0: 10, 1: 0, 2: 0, 3: 0, 4: 0}",1
363,False,"{'a': 0.15, 'e': 0.02343247424452812}",20,16,5.224604513039787,"{0: 4, 1: 0, 2: 0, 3: 0, 4: 0}",1
364,False,"{'a': 0.15, 'e': 0.023198149502082842}",25,10,28.157079203469273,"{0: 15, 1: 0, 2: 0, 3: 0, 4: 0}",1
365,False,"{'a': 0.15, 'e': 0.022966168007062013}",20,5,28.956538981939662,"{0: 15, 1: 0, 2: 0, 3: 0, 4: 0}",1
366,False,"{'a': 0.15, 'e': 0.022736506326991392}",25,12,22.02484359959576,"{0: 13, 1: 0, 2: 0, 3: 0, 4: 0}",1
367,False,"{'a': 0.15, 'e': 0.02250914126372148}",20,8,22.95303682106797,"{0: 12, 1: 0, 2: 0, 3: 0, 4: 0}",1
368,False,"{'a': 0.15, 'e': 0.022284049851084262}",20,10,17.053664257428096,"{0: 10, 1: 0, 2: 0, 3: 0, 4: 0}",1
369,False,"{'a': 0.15, 'e': 0.02206120935257342}",30,17,-18.225480187383248,"{0: 12, 1: 0, 2: 0, 3: 0, 4: 1}",1
370,False,"{'a': 0.15, 'e': 0.021840597259047686}",20,3,26.55244375484436,"{0: 17, 1: 0, 2: 0, 3: 0, 4: 0}",1
371,False,"{'a': 0.15, 'e': 0.021622191286457208}",20,6,26.0690801426332,"{0: 14, 1: 0, 2: 0, 3: 0, 4: 0}",1
372,False,"{'a': 0.15, 'e': 0.021405969373592636}",25,9,28.392570149903356,"{0: 16, 1: 0, 2: 0, 3: 0, 4: 0}",1
373,False,"{'a': 0.15, 'e': 0.02119190967985671}",25,12,23.89206940522346,"{0: 13, 1: 0, 2: 0, 3: 0, 4: 0}",1
374,False,"{'a': 0.15, 'e': 0.020979990583058144}",20,13,12.549999721498503,"{0: 7, 1: 0, 2: 0, 3: 0, 4: 0}",1
375,False,"{'a': 0.15, 'e': 0.020770190677227563}",20,2,25.21629842692653,"{0: 18, 1: 0, 2: 0, 3: 0, 4: 0}",1
376,False,"{'a': 0.15, 'e': 0.020562488770455287}",25,8,34.25370165055793,"{0: 17, 1: 0, 2: 0, 3: 0, 4: 0}",1
377,False,"{'a': 0.15, 'e': 0.020356863882750733}",20,0,29.52584729234962,"{0: 20, 1: 0, 2: 0, 3: 0, 4: 0}",0
378,False,"{'a': 0.15, 'e': 0.020153295243923227}",25,17,13.557002613738169,"{0: 8, 1: 0, 2: 0, 3: 0, 4: 0}",1
379,False,"{'a': 0.15, 'e': 0.019951762291483995}",20,16,9.413976047079663,"{0: 4, 1: 0, 2: 0, 3: 0, 4: 0}",1
380,False,"{'a': 0.15, 'e': 0.019752244668569154}",20,0,33.1270630455494,"{0: 20, 1: 0, 2: 0, 3: 0, 4: 0}",1
381,False,"{'a': 0.15, 'e': 0.019554722221883463}",25,15,19.71357712711588,"{0: 10, 1: 0, 2: 0, 3: 0, 4: 0}",1
382,False,"{'a': 0.15, 'e': 0.01935917499966463}",20,12,13.473246169937962,"{0: 8, 1: 0, 2: 0, 3: 0, 4: 0}",1
383,False,"{'a': 0.15, 'e': 0.01916558324966798}",25,8,31.02274688718228,"{0: 17, 1: 0, 2: 0, 3: 0, 4: 0}",1
384,False,"{'a': 0.15, 'e': 0.0189739274171713}",20,8,22.495161334273487,"{0: 12, 1: 0, 2: 0, 3: 0, 4: 0}",1
385,False,"{'a': 0.15, 'e': 0.018784188142999585}",25,15,18.585203574362602,"{0: 10, 1: 0, 2: 0, 3: 0, 4: 0}",1
386,False,"{'a': 0.15, 'e': 0.01859634626156959}",20,3,29.384689730005363,"{0: 17, 1: 0, 2: 0, 3: 0, 4: 0}",1
387,False,"{'a': 0.15, 'e': 0.018410382798953892}",25,13,21.278811515782266,"{0: 12, 1: 0, 2: 0, 3: 0, 4: 0}",1
388,False,"{'a': 0.15, 'e': 0.018226278970964353}",30,8,36.017454768897544,"{0: 22, 1: 0, 2: 0, 3: 0, 4: 0}",1
389,False,"{'a': 0.15, 'e': 0.01804401618125471}",20,7,23.616424199646882,"{0: 13, 1: 0, 2: 0, 3: 0, 4: 0}",1
390,False,"{'a': 0.15, 'e': 0.017863576019442162}",20,13,13.695288920533315,"{0: 7, 1: 0, 2: 0, 3: 0, 4: 0}",1
391,False,"{'a': 0.15, 'e': 0.01768494025924774}",30,20,19.530495967551055,"{0: 10, 1: 0, 2: 0, 3: 0, 4: 0}",1
392,False,"{'a': 0.15, 'e': 0.017508090856655265}",20,6,21.19164498713379,"{0: 14, 1: 0, 2: 0, 3: 0, 4: 0}",1
393,False,"{'a': 0.15, 'e': 0.01733300994808871}",25,10,26.82756284281244,"{0: 15, 1: 0, 2: 0, 3: 0, 4: 0}",1
394,False,"{'a': 0.15, 'e': 0.017159679848607823}",30,13,22.714526154346892,"{0: 16, 1: 0, 2: 1, 3: 0, 4: 0}",1
395,False,"{'a': 0.15, 'e': 0.016988083050121745}",20,8,22.489676447959134,"{0: 12, 1: 0, 2: 0, 3: 0, 4: 0}",1
396,False,"{'a': 0.15, 'e': 0.016818202219620527}",25,15,16.449556843424,"{0: 10, 1: 0, 2: 0, 3: 0, 4: 0}",1
397,False,"{'a': 0.15, 'e': 0.01665002019742432}",25,4,35.975321588175404,"{0: 21, 1: 0, 2: 0, 3: 0, 4: 0}",1
398,False,"{'a': 0.15, 'e': 0.01648351999545008}",25,12,22.789796549287516,"{0: 13, 1: 0, 2: 0, 3: 0, 4: 0}",1
399,False,"{'a': 0.15, 'e': 0.01631868479549558}",20,10,19.26643852216437,"{0: 10, 1: 0, 2: 0, 3: 0, 4: 0}",1
400,False,"{'a': 0.15, 'e': 0.016155497947540624}",25,13,25.403067868114213,"{0: 12, 1: 0, 2: 0, 3: 0, 4: 0}",1
401,False,"{'a': 0.15, 'e': 0.01599394296806522}",20,11,14.910412795513807,"{0: 9, 1: 0, 2: 0, 3: 0, 4: 0}",1
402,False,"{'a': 0.15, 'e': 0.015834003538384565}",30,19,22.07760497118554,"{0: 11, 1: 0, 2: 0, 3: 0, 4: 0}",1
403,False,"{'a': 0.15, 'e': 0.01567566350300072}",30,18,23.260212952166057,"{0: 12, 1: 0, 2: 0, 3: 0, 4: 0}",1
404,False,"{'a': 0.15, 'e': 0.015518906867970713}",25,15,21.317811538800512,"{0: 10, 1: 0, 2: 0, 3: 0, 4: 0}",1
405,False,"{'a': 0.15, 'e': 0.015363717799291006}",20,14,11.806530371786668,"{0: 6, 1: 0, 2: 0, 3: 0, 4: 0}",1
406,False,"{'a': 0.15, 'e': 0.015210080621298095}",20,0,28.596941126091796,"{0: 20, 1: 0, 2: 0, 3: 0, 4: 0}",0
407,False,"{'a': 0.15, 'e': 0.015057979815085115}",25,10,30.895593269712464,"{0: 15, 1: 0, 2: 0, 3: 0, 4: 0}",1
408,False,"{'a': 0.15, 'e': 0.014907400016934264}",20,8,20.990080943865365,"{0: 12, 1: 0, 2: 0, 3: 0, 4: 0}",1
409,False,"{'a': 0.15, 'e': 0.014758326016764921}",20,1,25.655640153253376,"{0: 19, 1: 0, 2: 0, 3: 0, 4: 0}",1
410,False,"{'a': 0.15, 'e': 0.014610742756597272}",20,6,26.190077815928007,"{0: 14, 1: 0, 2: 0, 3: 0, 4: 0}",1
411,False,"{'a': 0.15, 'e': 0.014464635329031299}",30,18,17.875497423331424,"{0: 12, 1: 0, 2: 0, 3: 0, 4: 0}",1
412,False,"{'a': 0.15, 'e': 0.014319988975740985}",35,12,39.082611184535956,"{0: 23, 1: 0, 2: 0, 3: 0, 4: 0}",1
413,False,"{'a': 0.15, 'e': 0.014176789085983575}",25,16,17.535037100361386,"{0: 9, 1: 0, 2: 0, 3: 0, 4: 0}",1
414,False,"{'a': 0.15, 'e': 0.014035021195123738}",20,12,16.31168554795649,"{0: 8, 1: 0, 2: 0, 3: 0, 4: 0}",1
415,False,"{'a': 0.15, 'e': 0.013894670983172501}",25,11,25.055945928643688,"{0: 14, 1: 0, 2: 0, 3: 0, 4: 0}",1
416,False,"{'a': 0.15, 'e': 0.013755724273340776}",30,13,33.18398616400442,"{0: 17, 1: 0, 2: 0, 3: 0, 4: 0}",1
417,False,"{'a': 0.15, 'e': 0.013618167030607368}",25,13,22.575631404893176,"{0: 12, 1: 0, 2: 0, 3: 0, 4: 0}",1
418,False,"{'a': 0.15, 'e': 0.013481985360301294}",20,14,13.801495865728482,"{0: 6, 1: 0, 2: 0, 3: 0, 4: 0}",1
419,False,"{'a': 0.15, 'e': 0.013347165506698282}",25,16,15.967373980191645,"{0: 9, 1: 0, 2: 0, 3: 0, 4: 0}",1
420,False,"{'a': 0.15, 'e': 0.013213693851631299}",25,11,20.804826519291026,"{0: 13, 1: 1, 2: 0, 3: 0, 4: 0}",1
421,False,"{'a': 0.15, 'e': 0.013081556913114986}",25,17,16.754953032365385,"{0: 8, 1: 0, 2: 0, 3: 0, 4: 0}",1
422,False,"{'a': 0.15, 'e': 0.012950741343983836}",25,2,39.89712348720259,"{0: 23, 1: 0, 2: 0, 3: 0, 4: 0}",1
423,False,"{'a': 0.15, 'e': 0.012821233930543997}",25,9,26.590937327167627,"{0: 16, 1: 0, 2: 0, 3: 0, 4: 0}",1
424,False,"{'a': 0.15, 'e': 0.012693021591238557}",30,6,40.295251101686475,"{0: 24, 1: 0, 2: 0, 3: 0, 4: 0}",1
425,False,"{'a': 0.15, 'e': 0.012566091375326171}",25,14,20.569301149040633,"{0: 11, 1: 0, 2: 0, 3: 0, 4: 0}",1
426,False,"{'a': 0.15, 'e': 0.012440430461572909}",20,1,30.38416887517015,"{0: 19, 1: 0, 2: 0, 3: 0, 4: 0}",1
427,False,"{'a': 0.15, 'e': 0.012316026156957179}",25,17,14.38486493711243,"{0: 8, 1: 0, 2: 0, 3: 0, 4: 0}",1
428,False,"{'a': 0.15, 'e': 0.012192865895387607}",20,0,31.91066401208846,"{0: 20, 1: 0, 2: 0, 3: 0, 4: 0}",0
429,False,"{'a': 0.15, 'e': 0.01207093723643373}",35,18,32.62730112423842,"{0: 17, 1: 0, 2: 0, 3: 0, 4: 0}",1
430,False,"{'a': 0.15, 'e': 0.011950227864069393}",20,15,9.106154805554457,"{0: 5, 1: 0, 2: 0, 3: 0, 4: 0}",1
431,False,"{'a': 0.15, 'e': 0.011830725585428699}",25,7,26.312380832298672,"{0: 18, 1: 0, 2: 0, 3: 0, 4: 0}",1
432,False,"{'a': 0.15, 'e': 0.011712418329574412}",25,17,16.567706395614962,"{0: 8, 1: 0, 2: 0, 3: 0, 4: 0}",1
433,False,"{'a': 0.15, 'e': 0.011595294146278667}",30,16,31.90838781426066,"{0: 14, 1: 0, 2: 0, 3: 0, 4: 0}",1
434,False,"{'a': 0.15, 'e': 0.01147934120481588}",25,19,11.040311119342434,"{0: 6, 1: 0, 2: 0, 3: 0, 4: 0}",1
435,False,"{'a': 0.15, 'e': 0.01136454779276772}",20,3,28.835124163580005,"{0: 17, 1: 0, 2: 0, 3: 0, 4: 0}",1
436,False,"{'a': 0.15, 'e': 0.011250902314840043}",20,13,12.686899790120846,"{0: 7, 1: 0, 2: 0, 3: 0, 4: 0}",1
437,False,"{'a': 0.15, 'e': 0.011138393291691643}",20,16,4.60729200865131,"{0: 4, 1: 0, 2: 0, 3: 0, 4: 0}",1
438,False,"{'a': 0.15, 'e': 0.011027009358774726}",20,15,8.445471118912382,"{0: 5, 1: 0, 2: 0, 3: 0, 4: 0}",1
439,False,"{'a': 0.15, 'e': 0.010916739265186978}",30,19,22.340581566503005,"{0: 11, 1: 0, 2: 0, 3: 0, 4: 0}",1
440,False,"{'a': 0.15, 'e': 0.010807571872535109}",25,9,22.582169960075667,"{0: 16, 1: 0, 2: 0, 3: 0, 4: 0}",1
441,False,"{'a': 0.15, 'e': 0.010699496153809758}",25,13,16.8783281680046,"{0: 12, 1: 0, 2: 0, 3: 0, 4: 0}",1
442,False,"{'a': 0.15, 'e': 0.01059250119227166}",25,0,31.051750794584077,"{0: 24, 1: 0, 2: 1, 3: 0, 4: 0}",0
443,False,"{'a': 0.15, 'e': 0.010486576180348943}",20,0,30.354260383702233,"{0: 20, 1: 0, 2: 0, 3: 0, 4: 0}",0
444,False,"{'a': 0.15, 'e': 0.010381710418545454}",20,15,10.408593454749479,"{0: 5, 1: 0, 2: 0, 3: 0, 4: 0}",1
445,False,"{'a': 0.15, 'e': 0.01027789331436}",35,15,33.19829355555156,"{0: 20, 1: 0, 2: 0, 3: 0, 4: 0}",1
446,False,"{'a': 0.15, 'e': 0.0101751143812164}",20,14,13.868613586454156,"{0: 6, 1: 0, 2: 0, 3: 0, 4: 0}",1
447,False,"{'a': 0.15, 'e': 0.010073363237404235}",25,14,18.23963082617639,"{0: 11, 1: 0, 2: 0, 3: 0, 4: 0}",1
448,False,"{'a': 0.15, 'e': 0.009972629605030193}",25,0,38.36722730840786,"{0: 25, 1: 0, 2: 0, 3: 0, 4: 0}",1
449,False,"{'a': 0.15, 'e': 0.00987290330897989}",30,13,33.57752485983326,"{0: 17, 1: 0, 2: 0, 3: 0, 4: 0}",1
450,False,"{'a': 0.15, 'e': 0.009774174275890092}",20,10,17.315781866190182,"{0: 10, 1: 0, 2: 0, 3: 0, 4: 0}",1
451,False,"{'a': 0.15, 'e': 0.00967643253313119}",25,5,32.88987729047271,"{0: 20, 1: 0, 2: 0, 3: 0, 4: 0}",1
452,False,"{'a': 0.15, 'e': 0.00957966820779988}",25,13,21.474235408056533,"{0: 12, 1: 0, 2: 0, 3: 0, 4: 0}",1
453,False,"{'a': 0.15, 'e': 0.00948387152572188}",20,11,16.902338043469424,"{0: 9, 1: 0, 2: 0, 3: 0, 4: 0}",1
454,False,"{'a': 0.15, 'e': 0.009389032810464661}",25,12,22.91910117764799,"{0: 13, 1: 0, 2: 0, 3: 0, 4: 0}",1
455,False,"{'a': 0.15, 'e': 0.009295142482360014}",25,18,14.866294646647123,"{0: 7, 1: 0, 2: 0, 3: 0, 4: 0}",1
456,False,"{'a': 0.15, 'e': 0.009202191057536413}",20,7,26.678681867295744,"{0: 13, 1: 0, 2: 0, 3: 0, 4: 0}",1
457,False,"{'a': 0.15, 'e': 0.009110169146961049}",25,17,14.56611737021084,"{0: 8, 1: 0, 2: 0, 3: 0, 4: 0}",1
458,False,"{'a': 0.15, 'e': 0.009019067455491438}",35,25,20.43442533442824,"{0: 10, 1: 0, 2: 0, 3: 0, 4: 0}",1
459,False,"{'a': 0.15, 'e': 0.008928876780936524}",25,8,32.76628946638518,"{0: 17, 1: 0, 2: 0, 3: 0, 4: 0}",1
460,False,"{'a': 0.15, 'e': 0.00883958801312716}",20,16,6.2624494735235094,"{0: 4, 1: 0, 2: 0, 3: 0, 4: 0}",1
461,False,"{'a': 0.15, 'e': 0.008751192132995888}",25,18,15.79460480860254,"{0: 7, 1: 0, 2: 0, 3: 0, 4: 0}",1
462,False,"{'a': 0.15, 'e': 0.00866368021166593}",20,15,9.32572145495362,"{0: 5, 1: 0, 2: 0, 3: 0, 4: 0}",1
463,False,"{'a': 0.15, 'e': 0.00857704340954927}",20,14,9.835929945078899,"{0: 6, 1: 0, 2: 0, 3: 0, 4: 0}",1
464,False,"{'a': 0.15, 'e': 0.008491272975453778}",25,7,32.82633302033838,"{0: 18, 1: 0, 2: 0, 3: 0, 4: 0}",1
465,False,"{'a': 0.15, 'e': 0.00840636024569924}",25,17,17.939098179513966,"{0: 8, 1: 0, 2: 0, 3: 0, 4: 0}",1
466,False,"{'a': 0.15, 'e': 0.008322296643242248}",20,8,18.782074285981466,"{0: 12, 1: 0, 2: 0, 3: 0, 4: 0}",1
467,False,"{'a': 0.15, 'e': 0.008239073676809825}",20,6,23.992184454063864,"{0: 14, 1: 0, 2: 0, 3: 0, 4: 0}",1
468,False,"{'a': 0.15, 'e': 0.008156682940041727}",25,13,21.645612980379806,"{0: 12, 1: 0, 2: 0, 3: 0, 4: 0}",1
469,False,"{'a': 0.15, 'e': 0.008075116110641309}",20,0,34.47726095436796,"{0: 20, 1: 0, 2: 0, 3: 0, 4: 0}",0
470,False,"{'a': 0.15, 'e': 0.007994364949534895}",25,11,26.759515604619825,"{0: 14, 1: 0, 2: 0, 3: 0, 4: 0}",1
471,False,"{'a': 0.15, 'e': 0.007914421300039547}",20,12,13.304882962977066,"{0: 8, 1: 0, 2: 0, 3: 0, 4: 0}",1
472,False,"{'a': 0.15, 'e': 0.007835277087039152}",20,15,8.328809274485543,"{0: 5, 1: 0, 2: 0, 3: 0, 4: 0}",1
473,False,"{'a': 0.15, 'e': 0.0077569243161687606}",30,18,24.998614317026213,"{0: 12, 1: 0, 2: 0, 3: 0, 4: 0}",1
474,False,"{'a': 0.15, 'e': 0.007679355073007073}",30,18,19.074327082819174,"{0: 12, 1: 0, 2: 0, 3: 0, 4: 0}",1
475,False,"{'a': 0.15, 'e': 0.007602561522277003}",20,10,19.121038444628397,"{0: 10, 1: 0, 2: 0, 3: 0, 4: 0}",1
476,False,"{'a': 0.15, 'e': 0.007526535907054233}",25,1,41.23940495192638,"{0: 24, 1: 0, 2: 0, 3: 0, 4: 0}",1
477,False,"{'a': 0.15, 'e': 0.007451270547983691}",20,16,8.214619873451728,"{0: 4, 1: 0, 2: 0, 3: 0, 4: 0}",1
478,False,"{'a': 0.15, 'e': 0.007376757842503854}",25,17,12.117078003547977,"{0: 8, 1: 0, 2: 0, 3: 0, 4: 0}",1
479,False,"{'a': 0.15, 'e': 0.007302990264078816}",20,10,16.02448878507986,"{0: 10, 1: 0, 2: 0, 3: 0, 4: 0}",1
480,False,"{'a': 0.15, 'e': 0.007229960361438028}",20,11,18.98353586445098,"{0: 9, 1: 0, 2: 0, 3: 0, 4: 0}",1
481,False,"{'a': 0.15, 'e': 0.007157660757823647}",20,3,27.87970809164011,"{0: 17, 1: 0, 2: 0, 3: 0, 4: 0}",1
482,False,"{'a': 0.15, 'e': 0.007086084150245411}",25,15,19.963902233337205,"{0: 10, 1: 0, 2: 0, 3: 0, 4: 0}",1
483,False,"{'a': 0.15, 'e': 0.007015223308742957}",25,13,23.72591310486853,"{0: 12, 1: 0, 2: 0, 3: 0, 4: 0}",1
484,False,"{'a': 0.15, 'e': 0.006945071075655527}",20,11,15.4415774662864,"{0: 9, 1: 0, 2: 0, 3: 0, 4: 0}",1
485,False,"{'a': 0.15, 'e': 0.006875620364898971}",20,14,11.729476169989328,"{0: 6, 1: 0, 2: 0, 3: 0, 4: 0}",1
486,False,"{'a': 0.15, 'e': 0.006806864161249981}",20,13,9.965708545723357,"{0: 7, 1: 0, 2: 0, 3: 0, 4: 0}",1
487,False,"{'a': 0.15, 'e': 0.006738795519637481}",20,7,24.713273569952168,"{0: 13, 1: 0, 2: 0, 3: 0, 4: 0}",1
488,False,"{'a': 0.15, 'e': 0.0066714075644411066}",25,13,25.468796775602492,"{0: 12, 1: 0, 2: 0, 3: 0, 4: 0}",1
489,False,"{'a': 0.15, 'e': 0.006604693488796696}",25,11,24.86581865640865,"{0: 14, 1: 0, 2: 0, 3: 0, 4: 0}",1
490,False,"{'a': 0.15, 'e': 0.006538646553908729}",20,0,31.438297955995345,"{0: 20, 1: 0, 2: 0, 3: 0, 4: 0}",1
491,False,"{'a': 0.15, 'e': 0.006473260088369642}",25,0,40.71350123743602,"{0: 25, 1: 0, 2: 0, 3: 0, 4: 0}",0
492,False,"{'a': 0.15, 'e': 0.0064085274874859455}",20,8,20.491236105612117,"{0: 12, 1: 0, 2: 0, 3: 0, 4: 0}",1
493,False,"{'a': 0.15, 'e': 0.006344442212611086}",20,14,12.757450146550267,"{0: 6, 1: 0, 2: 0, 3: 0, 4: 0}",1
494,False,"{'a': 0.15, 'e': 0.006280997790484975}",30,15,25.587771820781384,"{0: 15, 1: 0, 2: 0, 3: 0, 4: 0}",1
495,False,"{'a': 0.15, 'e': 0.006218187812580126}",20,14,14.823762977888736,"{0: 6, 1: 0, 2: 0, 3: 0, 4: 0}",1
496,False,"{'a': 0.15, 'e': 0.006156005934454325}",20,8,23.713813433331666,"{0: 12, 1: 0, 2: 0, 3: 0, 4: 0}",1
497,False,"{'a': 0.15, 'e': 0.006094445875109781}",30,19,21.39151686356126,"{0: 11, 1: 0, 2: 0, 3: 0, 4: 0}",1
498,False,"{'a': 0.15, 'e': 0.006033501416358683}",30,23,15.468963537817569,"{0: 7, 1: 0, 2: 0, 3: 0, 4: 0}",1
499,False,"{'a': 0.15, 'e': 0.005973166402195096}",20,15,11.114266726065784,"{0: 5, 1: 0, 2: 0, 3: 0, 4: 0}",1
500,False,"{'a': 0.15, 'e': 0.005913434738173145}",20,12,15.440206034139633,"{0: 8, 1: 0, 2: 0, 3: 0, 4: 0}",1
501,False,"{'a': 0.15, 'e': 0.005854300390791414}",30,16,30.20889494882154,"{0: 14, 1: 0, 2: 0, 3: 0, 4: 0}",1
502,False,"{'a': 0.15, 'e': 0.0057957573868834995}",25,20,10.450452226186712,"{0: 5, 1: 0, 2: 0, 3: 0, 4: 0}",1
503,False,"{'a': 0.15, 'e': 0.005737799813014664}",25,5,37.0736757344943,"{0: 20, 1: 0, 2: 0, 3: 0, 4: 0}",1
504,False,"{'a': 0.15, 'e': 0.005680421814884517}",30,16,26.702160059582965,"{0: 14, 1: 0, 2: 0, 3: 0, 4: 0}",1
505,False,"{'a': 0.15, 'e': 0.005623617596735672}",25,17,14.63898528450497,"{0: 8, 1: 0, 2: 0, 3: 0, 4: 0}",1
506,False,"{'a': 0.15, 'e': 0.005567381420768316}",25,7,29.018112590354296,"{0: 18, 1: 0, 2: 0, 3: 0, 4: 0}",1
507,False,"{'a': 0.15, 'e': 0.005511707606560633}",20,14,9.986663203884236,"{0: 6, 1: 0, 2: 0, 3: 0, 4: 0}",1
508,False,"{'a': 0.15, 'e': 0.005456590530495026}",20,12,14.98710573245427,"{0: 8, 1: 0, 2: 0, 3: 0, 4: 0}",1
509,False,"{'a': 0.15, 'e': 0.005402024625190076}",30,10,32.98894941179334,"{0: 20, 1: 0, 2: 0, 3: 0, 4: 0}",1
510,False,"{'a': 0.15, 'e': 0.005348004378938175}",30,12,37.62677153400329,"{0: 18, 1: 0, 2: 0, 3: 0, 4: 0}",1
511,False,"{'a': 0.15, 'e': 0.005294524335148793}",25,14,20.44243916907864,"{0: 11, 1: 0, 2: 0, 3: 0, 4: 0}",1
512,False,"{'a': 0.15, 'e': 0.0052415790917973056}",35,9,45.716842612979654,"{0: 26, 1: 0, 2: 0, 3: 0, 4: 0}",1
513,False,"{'a': 0.15, 'e': 0.005189163300879333}",35,18,33.37961713414606,"{0: 17, 1: 0, 2: 0, 3: 0, 4: 0}",1
514,False,"{'a': 0.15, 'e': 0.00513727166787054}",20,11,16.175301452905607,"{0: 9, 1: 0, 2: 0, 3: 0, 4: 0}",1
515,False,"{'a': 0.15, 'e': 0.005085898951191835}",20,11,18.667298225171038,"{0: 9, 1: 0, 2: 0, 3: 0, 4: 0}",1
516,False,"{'a': 0.15, 'e': 0.005035039961679916}",25,0,38.03925214166965,"{0: 25, 1: 0, 2: 0, 3: 0, 4: 0}",0
517,False,"{'a': 0.15, 'e': 0.004984689562063117}",20,16,9.528084968980421,"{0: 4, 1: 0, 2: 0, 3: 0, 4: 0}",1
518,False,"{'a': 0.15, 'e': 0.0049348426664424854}",20,0,27.251214876171453,"{0: 20, 1: 0, 2: 0, 3: 0, 4: 0}",0
519,False,"{'a': 0.15, 'e': 0.004885494239778061}",25,15,17.909272885845922,"{0: 10, 1: 0, 2: 0, 3: 0, 4: 0}",1
520,False,"{'a': 0.15, 'e': 0.00483663929738028}",25,16,15.303681091108466,"{0: 9, 1: 0, 2: 0, 3: 0, 4: 0}",1
521,False,"{'a': 0.15, 'e': 0.004788272904406477}",30,19,20.996368790015413,"{0: 11, 1: 0, 2: 0, 3: 0, 4: 0}",1
522,False,"{'a': 0.15, 'e': 0.004740390175362413}",30,22,14.395029215754409,"{0: 8, 1: 0, 2: 0, 3: 0, 4: 0}",1
523,False,"{'a': 0.15, 'e': 0.004692986273608788}",20,3,32.37327373117656,"{0: 17, 1: 0, 2: 0, 3: 0, 4: 0}",1
524,False,"{'a': 0.15, 'e': 0.0046460564108727}",20,0,28.512681627602245,"{0: 20, 1: 0, 2: 0, 3: 0, 4: 0}",0
525,False,"{'a': 0.15, 'e': 0.004599595846763974}",25,5,38.31282597919048,"{0: 20, 1: 0, 2: 0, 3: 0, 4: 0}",1
526,False,"{'a': 0.15, 'e': 0.004553599888296334}",25,13,24.27103459243139,"{0: 12, 1: 0, 2: 0, 3: 0, 4: 0}",1
527,False,"{'a': 0.15, 'e': 0.004508063889413371}",25,8,28.26772119703779,"{0: 17, 1: 0, 2: 0, 3: 0, 4: 0}",1
528,False,"{'a': 0.15, 'e': 0.004462983250519237}",20,11,17.97271856179807,"{0: 9, 1: 0, 2: 0, 3: 0, 4: 0}",1
529,False,"{'a': 0.15, 'e': 0.004418353418014044}",30,17,24.53917952608119,"{0: 13, 1: 0, 2: 0, 3: 0, 4: 0}",1
530,False,"{'a': 0.15, 'e': 0.0043741698838339034}",20,12,13.830567935428945,"{0: 8, 1: 0, 2: 0, 3: 0, 4: 0}",1
531,False,"{'a': 0.15, 'e': 0.004330428184995565}",25,8,30.400944035553668,"{0: 17, 1: 0, 2: 0, 3: 0, 4: 0}",1
532,False,"{'a': 0.15, 'e': 0.004287123903145609}",25,4,30.762206129988606,"{0: 21, 1: 0, 2: 0, 3: 0, 4: 0}",1
533,False,"{'a': 0.15, 'e': 0.004244252664114153}",20,10,16.431400938476983,"{0: 10, 1: 0, 2: 0, 3: 0, 4: 0}",1
534,False,"{'a': 0.15, 'e': 0.0042018101374730115}",25,17,13.991064102711599,"{0: 8, 1: 0, 2: 0, 3: 0, 4: 0}",1
535,False,"{'a': 0.15, 'e': 0.004159792036098281}",25,14,22.316196585381775,"{0: 11, 1: 0, 2: 0, 3: 0, 4: 0}",1
536,False,"{'a': 0.15, 'e': 0.004118194115737299}",20,8,20.903758145919355,"{0: 12, 1: 0, 2: 0, 3: 0, 4: 0}",1
537,False,"{'a': 0.15, 'e': 0.004077012174579926}",25,0,40.594129396962295,"{0: 25, 1: 0, 2: 0, 3: 0, 4: 0}",0
538,False,"{'a': 0.15, 'e': 0.004036242052834127}",20,3,34.47244177650628,"{0: 17, 1: 0, 2: 0, 3: 0, 4: 0}",1
539,False,"{'a': 0.15, 'e': 0.003995879632305785}",25,15,18.263140836891342,"{0: 10, 1: 0, 2: 0, 3: 0, 4: 0}",1
540,False,"{'a': 0.15, 'e': 0.003955920835982727}",20,15,9.604297524040858,"{0: 5, 1: 0, 2: 0, 3: 0, 4: 0}",1
541,False,"{'a': 0.15, 'e': 0.0039163616276229}",20,7,23.33865961987583,"{0: 13, 1: 0, 2: 0, 3: 0, 4: 0}",1
542,False,"{'a': 0.15, 'e': 0.003877198011346671}",20,13,12.344421762020337,"{0: 7, 1: 0, 2: 0, 3: 0, 4: 0}",1
543,False,"{'a': 0.15, 'e': 0.003838426031233204}",20,0,28.427556164664693,"{0: 20, 1: 0, 2: 0, 3: 0, 4: 0}",0
544,False,"{'a': 0.15, 'e': 0.003800041770920872}",20,12,14.63997210471904,"{0: 8, 1: 0, 2: 0, 3: 0, 4: 0}",1
545,False,"{'a': 0.15, 'e': 0.0037620413532116633}",25,11,24.64314799116068,"{0: 14, 1: 0, 2: 0, 3: 0, 4: 0}",1
546,False,"{'a': 0.15, 'e': 0.003724420939679547}",30,10,33.50830142742393,"{0: 20, 1: 0, 2: 0, 3: 0, 4: 0}",1
547,False,"{'a': 0.15, 'e': 0.0036871767302827513}",25,16,14.242018954554158,"{0: 9, 1: 0, 2: 0, 3: 0, 4: 0}",1
548,False,"{'a': 0.15, 'e': 0.0036503049629799237}",25,15,19.403407425236608,"{0: 10, 1: 0, 2: 0, 3: 0, 4: 0}",1
549,False,"{'a': 0.15, 'e': 0.0036138019133501245}",20,6,27.91574800273873,"{0: 14, 1: 0, 2: 0, 3: 0, 4: 0}",1
550,False,"{'a': 0.15, 'e': 0.003577663894216623}",20,4,33.57661208336946,"{0: 16, 1: 0, 2: 0, 3: 0, 4: 0}",1
551,False,"{'a': 0.15, 'e': 0.003541887255274457}",20,3,30.447443248910382,"{0: 17, 1: 0, 2: 0, 3: 0, 4: 0}",1
552,False,"{'a': 0.15, 'e': 0.0035064683827217124}",20,6,24.931527363788575,"{0: 14, 1: 0, 2: 0, 3: 0, 4: 0}",1
553,False,"{'a': 0.15, 'e': 0.0034714036988944953}",25,7,31.510551377830343,"{0: 18, 1: 0, 2: 0, 3: 0, 4: 0}",1
554,False,"{'a': 0.15, 'e': 0.0034366896619055505}",30,8,40.12886168598573,"{0: 22, 1: 0, 2: 0, 3: 0, 4: 0}",1
555,False,"{'a': 0.15, 'e': 0.003402322765286495}",30,21,14.818504790390378,"{0: 9, 1: 0, 2: 0, 3: 0, 4: 0}",1
556,False,"{'a': 0.15, 'e': 0.00336829953763363}",30,10,36.85278367887695,"{0: 20, 1: 0, 2: 0, 3: 0, 4: 0}",1
557,False,"{'a': 0.15, 'e': 0.0033346165422572936}",20,0,32.158625883174686,"{0: 20, 1: 0, 2: 0, 3: 0, 4: 0}",0
558,False,"{'a': 0.15, 'e': 0.003301270376834721}",20,16,7.0355202898670335,"{0: 4, 1: 0, 2: 0, 3: 0, 4: 0}",1
559,False,"{'a': 0.15, 'e': 0.0032682576730663736}",35,23,23.90214917656263,"{0: 12, 1: 0, 2: 0, 3: 0, 4: 0}",1
560,False,"{'a': 0.15, 'e': 0.00323557509633571}",20,14,13.329992970815523,"{0: 6, 1: 0, 2: 0, 3: 0, 4: 0}",1
561,False,"{'a': 0.15, 'e': 0.003203219345372353}",35,20,22.84583083263439,"{0: 15, 1: 0, 2: 0, 3: 0, 4: 0}",1
562,False,"{'a': 0.15, 'e': 0.0031711871519186294}",20,7,23.19349701844404,"{0: 13, 1: 0, 2: 0, 3: 0, 4: 0}",1
563,False,"{'a': 0.15, 'e': 0.003139475280399443}",20,8,26.290428504405664,"{0: 12, 1: 0, 2: 0, 3: 0, 4: 0}",1
564,False,"{'a': 0.15, 'e': 0.0031080805275954483}",20,12,14.062634849630106,"{0: 8, 1: 0, 2: 0, 3: 0, 4: 0}",1
565,False,"{'a': 0.15, 'e': 0.0030769997223194937}",30,18,23.863998606658384,"{0: 12, 1: 0, 2: 0, 3: 0, 4: 0}",1
566,False,"{'a': 0.15, 'e': 0.0030462297250962987}",25,12,25.416950859023817,"{0: 13, 1: 0, 2: 0, 3: 0, 4: 0}",1
567,False,"{'a': 0.15, 'e': 0.0030157674278453355}",25,11,28.135513060132524,"{0: 14, 1: 0, 2: 0, 3: 0, 4: 0}",1
568,False,"{'a': 0.15, 'e': 0.0029856097535668823}",35,16,36.48863655371368,"{0: 19, 1: 0, 2: 0, 3: 0, 4: 0}",1
569,False,"{'a': 0.15, 'e': 0.0029557536560312135}",20,12,14.784848628855993,"{0: 8, 1: 0, 2: 0, 3: 0, 4: 0}",1
570,False,"{'a': 0.15, 'e': 0.0029261961194709013}",25,15,22.693978841523283,"{0: 10, 1: 0, 2: 0, 3: 0, 4: 0}",1
571,False,"{'a': 0.15, 'e': 0.0028969341582761924}",20,12,13.630549997168295,"{0: 8, 1: 0, 2: 0, 3: 0, 4: 0}",1
572,False,"{'a': 0.15, 'e': 0.0028679648166934305}",25,4,34.57130101243735,"{0: 21, 1: 0, 2: 0, 3: 0, 4: 0}",1
573,False,"{'a': 0.15, 'e': 0.002839285168526496}",20,10,18.202282677017365,"{0: 10, 1: 0, 2: 0, 3: 0, 4: 0}",1
574,False,"{'a': 0.15, 'e': 0.002810892316841231}",25,15,19.16038514106044,"{0: 10, 1: 0, 2: 0, 3: 0, 4: 0}",1
575,False,"{'a': 0.15, 'e': 0.0027827833936728188}",20,11,16.95748521121525,"{0: 9, 1: 0, 2: 0, 3: 0, 4: 0}",1
576,False,"{'a': 0.15, 'e': 0.0027549555597360907}",20,15,6.640344583590146,"{0: 5, 1: 0, 2: 0, 3: 0, 4: 0}",1
577,False,"{'a': 0.15, 'e': 0.0027274060041387297}",20,3,26.428857575635863,"{0: 17, 1: 0, 2: 0, 3: 0, 4: 0}",1
578,False,"{'a': 0.15, 'e': 0.002700131944097342}",20,14,12.933012605077527,"{0: 6, 1: 0, 2: 0, 3: 0, 4: 0}",1
579,False,"{'a': 0.15, 'e': 0.002673130624656369}",20,8,26.166616436617176,"{0: 12, 1: 0, 2: 0, 3: 0, 4: 0}",1
580,False,"{'a': 0.15, 'e': 0.0026463993184098053}",20,8,25.967719097724864,"{0: 12, 1: 0, 2: 0, 3: 0, 4: 0}",1
581,False,"{'a': 0.15, 'e': 0.0026199353252257074}",20,12,13.702016614630107,"{0: 8, 1: 0, 2: 0, 3: 0, 4: 0}",1
582,False,"{'a': 0.15, 'e': 0.0025937359719734503}",25,13,22.91963760038147,"{0: 12, 1: 0, 2: 0, 3: 0, 4: 0}",1
583,False,"{'a': 0.15, 'e': 0.0025677986122537157}",20,0,25.264180855503543,"{0: 20, 1: 0, 2: 0, 3: 0, 4: 0}",0
584,False,"{'a': 0.15, 'e': 0.0025421206261311783}",20,7,19.23797747935215,"{0: 13, 1: 0, 2: 0, 3: 0, 4: 0}",1
585,False,"{'a': 0.15, 'e': 0.0025166994198698666}",25,4,35.510425821076836,"{0: 21, 1: 0, 2: 0, 3: 0, 4: 0}",1
586,False,"{'a': 0.15, 'e': 0.002491532425671168}",20,10,17.31635141000884,"{0: 10, 1: 0, 2: 0, 3: 0, 4: 0}",1
587,False,"{'a': 0.15, 'e': 0.002466617101414456}",20,16,9.731513546596156,"{0: 4, 1: 0, 2: 0, 3: 0, 4: 0}",1
588,False,"{'a': 0.15, 'e': 0.0024419509304003115}",25,12,21.85223405292401,"{0: 13, 1: 0, 2: 0, 3: 0, 4: 0}",1
589,False,"{'a': 0.15, 'e': 0.0024175314210963085}",20,8,21.69080058200408,"{0: 12, 1: 0, 2: 0, 3: 0, 4: 0}",1
590,False,"{'a': 0.15, 'e': 0.0023933561068853453}",20,16,7.816550003164826,"{0: 4, 1: 0, 2: 0, 3: 0, 4: 0}",1
591,False,"{'a': 0.15, 'e': 0.0023694225458164918}",25,15,20.103176104830048,"{0: 10, 1: 0, 2: 0, 3: 0, 4: 0}",1
592,False,"{'a': 0.15, 'e': 0.0023457283203583267}",20,8,22.76973837852359,"{0: 12, 1: 0, 2: 0, 3: 0, 4: 0}",1
593,False,"{'a': 0.15, 'e': 0.0023222710371547436}",25,19,13.238201226298903,"{0: 6, 1: 0, 2: 0, 3: 0, 4: 0}",1
594,False,"{'a': 0.15, 'e': 0.002299048326783196}",25,13,22.076873066976717,"{0: 12, 1: 0, 2: 0, 3: 0, 4: 0}",1
595,False,"{'a': 0.15, 'e': 0.002276057843515364}",25,17,15.172865436588555,"{0: 8, 1: 0, 2: 0, 3: 0, 4: 0}",1
596,False,"{'a': 0.15, 'e': 0.0022532972650802104}",25,17,15.651108888769487,"{0: 8, 1: 0, 2: 0, 3: 0, 4: 0}",1
597,False,"{'a': 0.15, 'e': 0.0022307642924294085}",20,8,24.88236689367183,"{0: 12, 1: 0, 2: 0, 3: 0, 4: 0}",1
598,False,"{'a': 0.15, 'e': 0.0022084566495051143}",25,10,29.16999905269466,"{0: 15, 1: 0, 2: 0, 3: 0, 4: 0}",1
599,False,"{'a': 0.15, 'e': 0.002186372083010063}",35,23,24.56463159745284,"{0: 12, 1: 0, 2: 0, 3: 0, 4: 0}",1
600,False,"{'a': 0.15, 'e': 0.0021645083621799626}",30,16,26.01722834337465,"{0: 14, 1: 0, 2: 0, 3: 0, 4: 0}",1
601,False,"{'a': 0.15, 'e': 0.0021428632785581627}",25,11,28.409092637730097,"{0: 14, 1: 0, 2: 0, 3: 0, 4: 0}",1
602,False,"{'a': 0.15, 'e': 0.002121434645772581}",25,14,19.68930835374575,"{0: 11, 1: 0, 2: 0, 3: 0, 4: 0}",1
603,False,"{'a': 0.15, 'e': 0.0021002202993148553}",20,16,10.663769920569054,"{0: 4, 1: 0, 2: 0, 3: 0, 4: 0}",1
604,False,"{'a': 0.15, 'e': 0.0020792180963217066}",20,13,14.886545190863988,"{0: 7, 1: 0, 2: 0, 3: 0, 4: 0}",1
605,False,"{'a': 0.15, 'e': 0.0020584259153584895}",30,20,16.872059853098683,"{0: 10, 1: 0, 2: 0, 3: 0, 4: 0}",1
606,False,"{'a': 0.15, 'e': 0.0020378416562049045}",35,18,34.02662967583221,"{0: 17, 1: 0, 2: 0, 3: 0, 4: 0}",1
607,False,"{'a': 0.15, 'e': 0.0020174632396428556}",25,14,16.05192410355637,"{0: 11, 1: 0, 2: 0, 3: 0, 4: 0}",1
608,False,"{'a': 0.15, 'e': 0.001997288607246427}",25,19,12.730165487506719,"{0: 6, 1: 0, 2: 0, 3: 0, 4: 0}",1
609,False,"{'a': 0.15, 'e': 0.001977315721173963}",30,22,14.167586569471197,"{0: 8, 1: 0, 2: 0, 3: 0, 4: 0}",1
610,False,"{'a': 0.15, 'e': 0.0019575425639622233}",30,22,16.214851178021874,"{0: 8, 1: 0, 2: 0, 3: 0, 4: 0}",1
611,False,"{'a': 0.15, 'e': 0.001937967138322601}",30,0,40.93820094802461,"{0: 30, 1: 0, 2: 0, 3: 0, 4: 0}",0
612,False,"{'a': 0.15, 'e': 0.001918587466939375}",25,15,22.133661076580047,"{0: 10, 1: 0, 2: 0, 3: 0, 4: 0}",1
613,False,"{'a': 0.15, 'e': 0.0018994015922699813}",20,0,33.9621628136945,"{0: 20, 1: 0, 2: 0, 3: 0, 4: 0}",0
614,False,"{'a': 0.15, 'e': 0.0018804075763472815}",25,0,37.84572509089646,"{0: 25, 1: 0, 2: 0, 3: 0, 4: 0}",0
615,False,"{'a': 0.15, 'e': 0.0018616035005838086}",20,11,16.999149418085743,"{0: 9, 1: 0, 2: 0, 3: 0, 4: 0}",1
616,False,"{'a': 0.15, 'e': 0.0018429874655779706}",20,5,23.40178791727148,"{0: 15, 1: 0, 2: 0, 3: 0, 4: 0}",1
617,False,"{'a': 0.15, 'e': 0.0018245575909221908}",30,19,20.350975752965084,"{0: 11, 1: 0, 2: 0, 3: 0, 4: 0}",1
618,False,"{'a': 0.15, 'e': 0.001806312015012969}",25,20,9.577527061466803,"{0: 5, 1: 0, 2: 0, 3: 0, 4: 0}",1
619,False,"{'a': 0.15, 'e': 0.0017882488948628393}",20,8,23.165976080217302,"{0: 12, 1: 0, 2: 0, 3: 0, 4: 0}",1
620,False,"{'a': 0.15, 'e': 0.0017703664059142109}",30,0,44.585533811530674,"{0: 30, 1: 0, 2: 0, 3: 0, 4: 0}",1
621,False,"{'a': 0.15, 'e': 0.0017526627418550688}",30,16,24.465570242207683,"{0: 14, 1: 0, 2: 0, 3: 0, 4: 0}",1
622,False,"{'a': 0.15, 'e': 0.0017351361144365182}",20,10,18.25579531156143,"{0: 10, 1: 0, 2: 0, 3: 0, 4: 0}",1
623,False,"{'a': 0.15, 'e': 0.001717784753292153}",20,14,10.140930968177859,"{0: 6, 1: 0, 2: 0, 3: 0, 4: 0}",1
624,False,"{'a': 0.15, 'e': 0.0017006069057592314}",25,11,28.15302993909654,"{0: 14, 1: 0, 2: 0, 3: 0, 4: 0}",1
625,False,"{'a': 0.15, 'e': 0.0016836008367016391}",20,3,33.65599955401724,"{0: 17, 1: 0, 2: 0, 3: 0, 4: 0}",1
626,False,"{'a': 0.15, 'e': 0.0016667648283346227}",25,8,30.77476792371346,"{0: 17, 1: 0, 2: 0, 3: 0, 4: 0}",1
627,False,"{'a': 0.15, 'e': 0.0016500971800512765}",25,17,16.403283257008994,"{0: 8, 1: 0, 2: 0, 3: 0, 4: 0}",1
628,False,"{'a': 0.15, 'e': 0.0016335962082507638}",25,10,24.74340213530711,"{0: 15, 1: 0, 2: 0, 3: 0, 4: 0}",1
629,False,"{'a': 0.15, 'e': 0.0016172602461682563}",25,17,12.56286565281016,"{0: 8, 1: 0, 2: 0, 3: 0, 4: 0}",1
630,False,"{'a': 0.15, 'e': 0.0016010876437065737}",30,21,12.455196512268367,"{0: 9, 1: 0, 2: 0, 3: 0, 4: 0}",1
631,False,"{'a': 0.15, 'e': 0.0015850767672695078}",25,20,8.130662804565185,"{0: 5, 1: 0, 2: 0, 3: 0, 4: 0}",1
632,False,"{'a': 0.15, 'e': 0.0015692259995968127}",25,8,30.65122997735326,"{0: 17, 1: 0, 2: 0, 3: 0, 4: 0}",1
633,False,"{'a': 0.15, 'e': 0.0015535337396008445}",20,8,21.378237834219473,"{0: 12, 1: 0, 2: 0, 3: 0, 4: 0}",1
634,False,"{'a': 0.15, 'e': 0.0015379984022048361}",20,16,8.23267288496421,"{0: 4, 1: 0, 2: 0, 3: 0, 4: 0}",1
635,False,"{'a': 0.15, 'e': 0.0015226184181827878}",20,14,10.466270629259043,"{0: 6, 1: 0, 2: 0, 3: 0, 4: 0}",1
636,False,"{'a': 0.15, 'e': 0.0015073922340009599}",20,8,21.35070185803387,"{0: 12, 1: 0, 2: 0, 3: 0, 4: 0}",1
637,False,"{'a': 0.15, 'e': 0.0014923183116609502}",30,18,24.596475444684,"{0: 12, 1: 0, 2: 0, 3: 0, 4: 0}",1
638,False,"{'a': 0.15, 'e': 0.0014773951285443406}",20,12,16.96176053978799,"{0: 8, 1: 0, 2: 0, 3: 0, 4: 0}",1
639,False,"{'a': 0.15, 'e': 0.0014626211772588971}",25,11,25.220225273512884,"{0: 14, 1: 0, 2: 0, 3: 0, 4: 0}",1
640,False,"{'a': 0.15, 'e': 0.001447994965486308}",25,14,22.252917246185852,"{0: 11, 1: 0, 2: 0, 3: 0, 4: 0}",1
641,False,"{'a': 0.15, 'e': 0.0014335150158314449}",30,20,20.578962708879562,"{0: 10, 1: 0, 2: 0, 3: 0, 4: 0}",1
642,False,"{'a': 0.15, 'e': 0.0014191798656731304}",25,15,18.692072040134754,"{0: 10, 1: 0, 2: 0, 3: 0, 4: 0}",1
643,False,"{'a': 0.15, 'e': 0.0014049880670163992}",35,18,32.54089213554721,"{0: 17, 1: 0, 2: 0, 3: 0, 4: 0}",1
644,False,"{'a': 0.15, 'e': 0.001390938186346235}",30,8,37.050859814048906,"{0: 22, 1: 0, 2: 0, 3: 0, 4: 0}",1
645,False,"{'a': 0.15, 'e': 0.0013770288044827727}",20,12,15.368039417770234,"{0: 8, 1: 0, 2: 0, 3: 0, 4: 0}",1
646,False,"{'a': 0.15, 'e': 0.001363258516437945}",30,14,30.05334641132624,"{0: 16, 1: 0, 2: 0, 3: 0, 4: 0}",1
647,False,"{'a': 0.15, 'e': 0.0013496259312735656}",30,23,13.911628742172166,"{0: 7, 1: 0, 2: 0, 3: 0, 4: 0}",1
648,False,"{'a': 0.15, 'e': 0.0013361296719608298}",25,17,16.692217592648355,"{0: 8, 1: 0, 2: 0, 3: 0, 4: 0}",1
649,False,"{'a': 0.15, 'e': 0.0013227683752412215}",25,7,30.797854946672256,"{0: 18, 1: 0, 2: 0, 3: 0, 4: 0}",1
650,False,"{'a': 0.15, 'e': 0.0013095406914888092}",20,16,6.686257689845178,"{0: 4, 1: 0, 2: 0, 3: 0, 4: 0}",1
651,False,"{'a': 0.15, 'e': 0.001296445284573921}",25,13,24.966386434122914,"{0: 12, 1: 0, 2: 0, 3: 0, 4: 0}",1
652,False,"{'a': 0.15, 'e': 0.0012834808317281818}",20,10,15.497938116464285,"{0: 10, 1: 0, 2: 0, 3: 0, 4: 0}",1
653,False,"{'a': 0.15, 'e': 0.0012706460234109}",20,10,16.888312417447157,"{0: 10, 1: 0, 2: 0, 3: 0, 4: 0}",1
654,False,"{'a': 0.15, 'e': 0.001257939563176791}",30,21,17.920752614425115,"{0: 9, 1: 0, 2: 0, 3: 0, 4: 0}",1
655,False,"{'a': 0.15, 'e': 0.001245360167545023}",30,23,13.776671681565526,"{0: 7, 1: 0, 2: 0, 3: 0, 4: 0}",1
656,False,"{'a': 0.15, 'e': 0.0012329065658695727}",20,9,23.033615380018972,"{0: 11, 1: 0, 2: 0, 3: 0, 4: 0}",1
657,False,"{'a': 0.15, 'e': 0.001220577500210877}",25,7,32.16491802279485,"{0: 18, 1: 0, 2: 0, 3: 0, 4: 0}",1
658,False,"{'a': 0.15, 'e': 0.0012083717252087682}",25,10,25.418706326435565,"{0: 15, 1: 0, 2: 0, 3: 0, 4: 0}",1
659,False,"{'a': 0.15, 'e': 0.0011962880079566804}",25,16,15.558697067832016,"{0: 9, 1: 0, 2: 0, 3: 0, 4: 0}",1
660,False,"{'a': 0.15, 'e': 0.0011843251278771136}",25,13,26.15546994105227,"{0: 12, 1: 0, 2: 0, 3: 0, 4: 0}",1
661,False,"{'a': 0.15, 'e': 0.0011724818765983425}",25,18,9.883572877435324,"{0: 7, 1: 0, 2: 0, 3: 0, 4: 0}",1
662,False,"{'a': 0.15, 'e': 0.001160757057832359}",20,6,25.12014235437661,"{0: 14, 1: 0, 2: 0, 3: 0, 4: 0}",1
663,False,"{'a': 0.15, 'e': 0.0011491494872540354}",20,6,27.763718419963705,"{0: 14, 1: 0, 2: 0, 3: 0, 4: 0}",1
664,False,"{'a': 0.15, 'e': 0.0011376579923814952}",20,9,22.364500607756113,"{0: 11, 1: 0, 2: 0, 3: 0, 4: 0}",1
665,False,"{'a': 0.15, 'e': 0.0011262814124576802}",25,17,16.472108079580938,"{0: 8, 1: 0, 2: 0, 3: 0, 4: 0}",1
666,False,"{'a': 0.15, 'e': 0.0011150185983331035}",25,20,9.661725599114506,"{0: 5, 1: 0, 2: 0, 3: 0, 4: 0}",1
667,False,"{'a': 0.15, 'e': 0.0011038684123497724}",20,9,21.301896901018445,"{0: 11, 1: 0, 2: 0, 3: 0, 4: 0}",1
668,False,"{'a': 0.15, 'e': 0.0010928297282262747}",20,15,9.32476786582396,"{0: 5, 1: 0, 2: 0, 3: 0, 4: 0}",1
669,False,"{'a': 0.15, 'e': 0.001081901430944012}",20,11,18.310499763464083,"{0: 9, 1: 0, 2: 0, 3: 0, 4: 0}",1
670,False,"{'a': 0.15, 'e': 0.0010710824166345718}",20,7,22.28353984833491,"{0: 13, 1: 0, 2: 0, 3: 0, 4: 0}",1
671,False,"{'a': 0.15, 'e': 0.001060371592468226}",30,20,17.90747290339256,"{0: 10, 1: 0, 2: 0, 3: 0, 4: 0}",1
672,False,"{'a': 0.15, 'e': 0.0010497678765435438}",25,11,28.02388168127626,"{0: 14, 1: 0, 2: 0, 3: 0, 4: 0}",1
673,False,"{'a': 0.15, 'e': 0.0010392701977781083}",20,10,18.29359737985492,"{0: 10, 1: 0, 2: 0, 3: 0, 4: 0}",1
674,False,"{'a': 0.15, 'e': 0.001028877495800327}",20,8,20.63898469238614,"{0: 12, 1: 0, 2: 0, 3: 0, 4: 0}",1
675,False,"{'a': 0.15, 'e': 0.0010185887208423237}",25,16,17.355575738672655,"{0: 9, 1: 0, 2: 0, 3: 0, 4: 0}",1
676,False,"{'a': 0.15, 'e': 0.0010084028336339004}",20,8,26.570362172384204,"{0: 12, 1: 0, 2: 0, 3: 0, 4: 0}",1
677,False,"{'a': 0.15, 'e': 0.0009983188052975615}",20,14,9.192509295280528,"{0: 6, 1: 0, 2: 0, 3: 0, 4: 0}",1
678,False,"{'a': 0.15, 'e': 0.0009883356172445859}",20,13,13.368498939406361,"{0: 7, 1: 0, 2: 0, 3: 0, 4: 0}",1
679,False,"{'a': 0.15, 'e': 0.00097845226107214}",20,6,27.85696636809935,"{0: 14, 1: 0, 2: 0, 3: 0, 4: 0}",1
680,False,"{'a': 0.15, 'e': 0.0009686677384614185}",20,9,19.79842959113944,"{0: 11, 1: 0, 2: 0, 3: 0, 4: 0}",1
681,False,"{'a': 0.15, 'e': 0.0009589810610768043}",20,12,16.590708376586484,"{0: 8, 1: 0, 2: 0, 3: 0, 4: 0}",1
682,False,"{'a': 0.15, 'e': 0.0009493912504660363}",20,8,20.138071090650037,"{0: 12, 1: 0, 2: 0, 3: 0, 4: 0}",1
683,False,"{'a': 0.15, 'e': 0.000939897337961376}",20,14,11.891821403660629,"{0: 6, 1: 0, 2: 0, 3: 0, 4: 0}",1
684,False,"{'a': 0.15, 'e': 0.0009304983645817622}",25,2,33.91242703245989,"{0: 23, 1: 0, 2: 0, 3: 0, 4: 0}",1
685,False,"{'a': 0.15, 'e': 0.0009211933809359446}",20,12,18.477646831646766,"{0: 8, 1: 0, 2: 0, 3: 0, 4: 0}",1
686,False,"{'a': 0.15, 'e': 0.0009119814471265852}",20,4,23.280139959895312,"{0: 16, 1: 0, 2: 0, 3: 0, 4: 0}",1
687,False,"{'a': 0.15, 'e': 0.0009028616326553193}",20,10,18.369012460418265,"{0: 10, 1: 0, 2: 0, 3: 0, 4: 0}",1
688,False,"{'a': 0.15, 'e': 0.0008938330163287662}",25,17,16.81517408005454,"{0: 8, 1: 0, 2: 0, 3: 0, 4: 0}",1
689,False,"{'a': 0.15, 'e': 0.0008848946861654785}",25,13,21.01430089907453,"{0: 12, 1: 0, 2: 0, 3: 0, 4: 0}",1
690,False,"{'a': 0.15, 'e': 0.0008760457393038237}",30,21,17.275837264385892,"{0: 9, 1: 0, 2: 0, 3: 0, 4: 0}",1
691,False,"{'a': 0.15, 'e': 0.0008672852819107854}",25,0,36.58107373115567,"{0: 25, 1: 0, 2: 0, 3: 0, 4: 0}",0
692,False,"{'a': 0.15, 'e': 0.0008586124290916775}",30,16,22.887873483044967,"{0: 14, 1: 0, 2: 0, 3: 0, 4: 0}",1
693,False,"{'a': 0.15, 'e': 0.0008500263048007607}",20,14,12.884711992124627,"{0: 6, 1: 0, 2: 0, 3: 0, 4: 0}",1
694,False,"{'a': 0.15, 'e': 0.0008415260417527532}",30,20,20.749518239687617,"{0: 10, 1: 0, 2: 0, 3: 0, 4: 0}",1
695,False,"{'a': 0.15, 'e': 0.0008331107813352257}",20,13,16.442197228517756,"{0: 7, 1: 0, 2: 0, 3: 0, 4: 0}",1
696,False,"{'a': 0.15, 'e': 0.0008247796735218733}",20,16,7.403248096703225,"{0: 4, 1: 0, 2: 0, 3: 0, 4: 0}",1
697,False,"{'a': 0.15, 'e': 0.0008165318767866546}",20,12,14.943631756095758,"{0: 8, 1: 0, 2: 0, 3: 0, 4: 0}",1
698,False,"{'a': 0.15, 'e': 0.000808366558018788}",25,17,18.04076547075042,"{0: 8, 1: 0, 2: 0, 3: 0, 4: 0}",1
699,False,"{'a': 0.15, 'e': 0.0008002828924386002}",20,10,18.82999813325522,"{0: 10, 1: 0, 2: 0, 3: 0, 4: 0}",1
700,False,"{'a': 0.15, 'e': 0.0007922800635142142}",20,10,16.43329646298706,"{0: 10, 1: 0, 2: 0, 3: 0, 4: 0}",1
701,False,"{'a': 0.15, 'e': 0.0007843572628790721}",20,10,21.624156505274737,"{0: 10, 1: 0, 2: 0, 3: 0, 4: 0}",1
702,False,"{'a': 0.15, 'e': 0.0007765136902502814}",20,6,21.581591573634302,"{0: 14, 1: 0, 2: 0, 3: 0, 4: 0}",1
703,False,"{'a': 0.15, 'e': 0.0007687485533477785}",25,11,25.542424505226215,"{0: 14, 1: 0, 2: 0, 3: 0, 4: 0}",1
704,False,"{'a': 0.15, 'e': 0.0007610610678143007}",30,16,26.298854396351565,"{0: 14, 1: 0, 2: 0, 3: 0, 4: 0}",1
705,False,"{'a': 0.15, 'e': 0.0007534504571361576}",30,13,33.79432689879285,"{0: 17, 1: 0, 2: 0, 3: 0, 4: 0}",1
706,False,"{'a': 0.15, 'e': 0.000745915952564796}",25,8,30.464658777260087,"{0: 17, 1: 0, 2: 0, 3: 0, 4: 0}",1
707,False,"{'a': 0.15, 'e': 0.0007384567930391481}",30,20,20.761611574607482,"{0: 10, 1: 0, 2: 0, 3: 0, 4: 0}",1
708,False,"{'a': 0.15, 'e': 0.0007310722251087567}",25,14,17.1308966026038,"{0: 11, 1: 0, 2: 0, 3: 0, 4: 0}",1
709,False,"{'a': 0.15, 'e': 0.0007237615028576691}",20,10,18.51570221889783,"{0: 10, 1: 0, 2: 0, 3: 0, 4: 0}",1
710,False,"{'a': 0.15, 'e': 0.0007165238878290924}",20,11,15.888507119516797,"{0: 9, 1: 0, 2: 0, 3: 0, 4: 0}",1
711,False,"{'a': 0.15, 'e': 0.0007093586489508015}",30,8,38.6193470103892,"{0: 22, 1: 0, 2: 0, 3: 0, 4: 0}",1
712,False,"{'a': 0.15, 'e': 0.0007022650624612935}",20,11,14.421732848166323,"{0: 9, 1: 0, 2: 0, 3: 0, 4: 0}",1
713,False,"{'a': 0.15, 'e': 0.0006952424118366805}",20,8,24.01711998521345,"{0: 12, 1: 0, 2: 0, 3: 0, 4: 0}",1
714,False,"{'a': 0.15, 'e': 0.0006882899877183137}",35,12,41.28636657810453,"{0: 23, 1: 0, 2: 0, 3: 0, 4: 0}",1
715,False,"{'a': 0.15, 'e': 0.0006814070878411306}",30,14,28.713885553710444,"{0: 16, 1: 0, 2: 0, 3: 0, 4: 0}",1
716,False,"{'a': 0.15, 'e': 0.0006745930169627193}",20,11,18.05381470109549,"{0: 9, 1: 0, 2: 0, 3: 0, 4: 0}",1
717,False,"{'a': 0.15, 'e': 0.0006678470867930921}",20,6,27.6805222136416,"{0: 14, 1: 0, 2: 0, 3: 0, 4: 0}",1
718,False,"{'a': 0.15, 'e': 0.0006611686159251612}",20,16,5.1653860629817805,"{0: 4, 1: 0, 2: 0, 3: 0, 4: 0}",1
719,False,"{'a': 0.15, 'e': 0.0006545569297659096}",30,17,24.689577607592973,"{0: 13, 1: 0, 2: 0, 3: 0, 4: 0}",1
720,False,"{'a': 0.15, 'e': 0.0006480113604682505}",20,13,13.10926382502916,"{0: 7, 1: 0, 2: 0, 3: 0, 4: 0}",1
721,False,"{'a': 0.15, 'e': 0.000641531246863568}",20,11,17.841855986380807,"{0: 9, 1: 0, 2: 0, 3: 0, 4: 0}",1
722,False,"{'a': 0.15, 'e': 0.0006351159343949323}",20,14,11.112235556743808,"{0: 6, 1: 0, 2: 0, 3: 0, 4: 0}",1
723,False,"{'a': 0.15, 'e': 0.000628764775050983}",20,0,32.457615705293925,"{0: 20, 1: 0, 2: 0, 3: 0, 4: 0}",0
724,False,"{'a': 0.15, 'e': 0.0006224771273004732}",20,7,22.813536491828305,"{0: 13, 1: 0, 2: 0, 3: 0, 4: 0}",1
725,False,"{'a': 0.15, 'e': 0.0006162523560274684}",35,15,37.30194469563878,"{0: 20, 1: 0, 2: 0, 3: 0, 4: 0}",1
726,False,"{'a': 0.15, 'e': 0.0006100898324671938}",25,10,25.535821327187627,"{0: 15, 1: 0, 2: 0, 3: 0, 4: 0}",1
727,False,"{'a': 0.15, 'e': 0.0006039889341425219}",20,13,11.491065248594014,"{0: 7, 1: 0, 2: 0, 3: 0, 4: 0}",1
728,False,"{'a': 0.15, 'e': 0.0005979490448010966}",25,6,34.39317522253755,"{0: 19, 1: 0, 2: 0, 3: 0, 4: 0}",1
729,False,"{'a': 0.15, 'e': 0.0005919695543530856}",20,12,16.195678132876388,"{0: 8, 1: 0, 2: 0, 3: 0, 4: 0}",1
730,False,"{'a': 0.15, 'e': 0.0005860498588095548}",30,22,16.21575152510416,"{0: 8, 1: 0, 2: 0, 3: 0, 4: 0}",1
731,False,"{'a': 0.15, 'e': 0.0005801893602214593}",20,10,21.77271992807219,"{0: 10, 1: 0, 2: 0, 3: 0, 4: 0}",1
732,False,"{'a': 0.15, 'e': 0.0005743874666192446}",25,6,33.90035551255412,"{0: 19, 1: 0, 2: 0, 3: 0, 4: 0}",1
733,False,"{'a': 0.15, 'e': 0.0005686435919530522}",20,12,13.4193911777373,"{0: 8, 1: 0, 2: 0, 3: 0, 4: 0}",1
734,False,"{'a': 0.15, 'e': 0.0005629571560335217}",20,6,28.06612270107907,"{0: 14, 1: 0, 2: 0, 3: 0, 4: 0}",1
735,False,"{'a': 0.15, 'e': 0.0005573275844731865}",25,19,9.516562737885842,"{0: 6, 1: 0, 2: 0, 3: 0, 4: 0}",1
736,False,"{'a': 0.15, 'e': 0.0005517543086284546}",25,7,34.618880970964895,"{0: 18, 1: 0, 2: 0, 3: 0, 4: 0}",1
737,False,"{'a': 0.15, 'e': 0.0005462367655421701}",35,23,25.591085057702895,"{0: 12, 1: 0, 2: 0, 3: 0, 4: 0}",1
738,False,"{'a': 0.15, 'e': 0.0005407743978867483}",25,14,19.837842146592184,"{0: 11, 1: 0, 2: 0, 3: 0, 4: 0}",1
739,False,"{'a': 0.15, 'e': 0.0005353666539078809}",20,6,24.435350009861633,"{0: 14, 1: 0, 2: 0, 3: 0, 4: 0}",1
740,False,"{'a': 0.15, 'e': 0.000530012987368802}",25,13,20.793223816605874,"{0: 12, 1: 0, 2: 0, 3: 0, 4: 0}",1
741,False,"{'a': 0.15, 'e': 0.000524712857495114}",25,11,27.949776955089312,"{0: 14, 1: 0, 2: 0, 3: 0, 4: 0}",1
742,False,"{'a': 0.15, 'e': 0.0005194657289201628}",30,14,31.455558603554405,"{0: 16, 1: 0, 2: 0, 3: 0, 4: 0}",1
743,False,"{'a': 0.15, 'e': 0.0005142710716309612}",35,20,29.18783574903307,"{0: 15, 1: 0, 2: 0, 3: 0, 4: 0}",1
744,False,"{'a': 0.15, 'e': 0.0005091283609146515}",30,12,30.50444689492031,"{0: 18, 1: 0, 2: 0, 3: 0, 4: 0}",1
745,False,"{'a': 0.15, 'e': 0.000504037077305505}",30,18,23.058390616895004,"{0: 12, 1: 0, 2: 0, 3: 0, 4: 0}",1
746,False,"{'a': 0.15, 'e': 0.00049899670653245}",25,15,18.427299006472946,"{0: 10, 1: 0, 2: 0, 3: 0, 4: 0}",1
1,True,"{'a': 0, 'e': 0}",20,8,26.912961843390377,"{0: 12, 1: 0, 2: 0, 3: 0, 4: 0}",1
2,True,"{'a': 0, 'e': 0}",20,11,18.94280795080329,"{0: 9, 1: 0, 2: 0, 3: 0, 4: 0}",1
3,True,"{'a': 0, 'e': 0}",25,14,22.44961933635884,"{0: 11, 1: 0, 2: 0, 3: 0, 4: 0}",1
4,True,"{'a': 0, 'e': 0}",30,10,34.291115715832284,"{0: 20, 1: 0, 2: 0, 3: 0, 4: 0}",1
5,True,"{'a': 0, 'e': 0}",25,8,28.3088149200916,"{0: 17, 1: 0, 2: 0, 3: 0, 4: 0}",1
6,True,"{'a': 0, 'e': 0}",20,14,10.129554303882905,"{0: 6, 1: 0, 2: 0, 3: 0, 4: 0}",1
7,True,"{'a': 0, 'e': 0}",20,9,19.532320192767916,"{0: 11, 1: 0, 2: 0, 3: 0, 4: 0}",1
8,True,"{'a': 0, 'e': 0}",30,18,19.83973779575475,"{0: 12, 1: 0, 2: 0, 3: 0, 4: 0}",1
9,True,"{'a': 0, 'e': 0}",20,0,32.791881318108594,"{0: 20, 1: 0, 2: 0, 3: 0, 4: 0}",0
10,True,"{'a': 0, 'e': 0}",25,7,31.92696915697881,"{0: 18, 1: 0, 2: 0, 3: 0, 4: 0}",1
11,True,"{'a': 0, 'e': 0}",20,0,35.39612607910747,"{0: 20, 1: 0, 2: 0, 3: 0, 4: 0}",1
12,True,"{'a': 0, 'e': 0}",25,11,25.41619398623798,"{0: 14, 1: 0, 2: 0, 3: 0, 4: 0}",1
13,True,"{'a': 0, 'e': 0}",20,0,32.17462913976161,"{0: 20, 1: 0, 2: 0, 3: 0, 4: 0}",1
14,True,"{'a': 0, 'e': 0}",30,18,21.388541709279423,"{0: 12, 1: 0, 2: 0, 3: 0, 4: 0}",1
15,True,"{'a': 0, 'e': 0}",30,12,33.428754919765716,"{0: 18, 1: 0, 2: 0, 3: 0, 4: 0}",1
16,True,"{'a': 0, 'e': 0}",20,10,18.578877678285455,"{0: 10, 1: 0, 2: 0, 3: 0, 4: 0}",1
17,True,"{'a': 0, 'e': 0}",25,14,23.835189412678183,"{0: 11, 1: 0, 2: 0, 3: 0, 4: 0}",1
18,True,"{'a': 0, 'e': 0}",20,12,15.207070610678704,"{0: 8, 1: 0, 2: 0, 3: 0, 4: 0}",1
19,True,"{'a': 0, 'e': 0}",20,8,21.195172705449295,"{0: 12, 1: 0, 2: 0, 3: 0, 4: 0}",1
20,True,"{'a': 0, 'e': 0}",20,16,7.757634679673576,"{0: 4, 1: 0, 2: 0, 3: 0, 4: 0}",1
